Season,Date,Time,Round,HomeTeam,AwayTeam,FTHG,FTAG,HTHG,HTAG,FTR,Venue,City,Attendance,Referee
2017-18,2017-08-11,19:45,1,Arsenal,Leicester City,4,3,2,2,H,,,,
2017-18,2017-08-12,12:30,1,Watford,Liverpool,3,3,2,1,D,,,,
2017-18,2017-08-12,15:00,1,Chelsea,Burnley,2,3,0,3,A,,,,
2017-18,2017-08-12,,1,Crystal Palace,Huddersfield Town,0,3,0,2,A,,,,
2017-18,2017-08-12,,1,Everton,Stoke City,1,0,1,0,H,,,,
2017-18,2017-08-12,,1,Southampton,Swansea City,0,0,,,D,,,,
2017-18,2017-08-12,,1,West Bromwich Albion,Bournemouth,1,0,1,0,H,,,,
2017-18,2017-08-12,17:30,1,Brighton & Hove Albion,Manchester City,0,2,0,0,A,,,,
2017-18,2017-08-13,16:00,1,Manchester United,West Ham United,4,0,1,0,H,,,,
2017-18,2017-08-13,13:30,1,Newcastle United,Tottenham Hotspur,0,2,0,0,A,,,,
2017-18,2017-08-19,12:30,2,Swansea City,Manchester United,0,4,0,1,A,,,,
2017-18,2017-08-19,15:00,2,Bournemouth,Watford,0,2,0,0,A,,,,
2017-18,2017-08-19,,2,Burnley,West Bromwich Albion,0,1,0,0,A,,,,
2017-18,2017-08-19,,2,Leicester City,Brighton & Hove Albion,2,0,1,0,H,,,,
2017-18,2017-08-19,,2,Liverpool,Crystal Palace,1,0,0,0,H,,,,
2017-18,2017-08-19,,2,Southampton,West Ham United,3,2,2,1,H,,,,
2017-18,2017-08-19,17:30,2,Stoke City,Arsenal,1,0,0,0,H,,,,
2017-18,2017-08-20,16:00,2,Tottenham Hotspur,Chelsea,1,2,0,1,A,,,,
2017-18,2017-08-20,13:30,2,Huddersfield Town,Newcastle United,1,0,0,0,H,,,,
2017-18,2017-08-21,20:00,2,Manchester City,Everton,1,1,0,1,D,,,,
2017-18,2017-08-26,12:30,3,Bournemouth,Manchester City,1,2,1,1,A,,,,
2017-18,2017-08-26,15:00,3,Crystal Palace,Swansea City,0,2,0,1,A,,,,
2017-18,2017-08-26,,3,Huddersfield Town,Southampton,0,0,,,D,,,,
2017-18,2017-08-26,,3,Newcastle United,West Ham United,3,0,1,0,H,,,,
2017-18,2017-08-26,,3,Watford,Brighton & Hove Albion,0,0,,,D,,,,
2017-18,2017-08-26,17:30,3,Manchester United,Leicester City,2,0,0,0,H,,,,
2017-18,2017-08-27,13:30,3,West Bromwich Albion,Stoke City,1,1,0,0,D,,,,
2017-18,2017-08-27,16:00,3,Liverpool,Arsenal,4,0,2,0,H,,,,
2017-18,2017-08-27,,3,Tottenham Hotspur,Burnley,1,1,0,0,D,,,,
2017-18,2017-08-27,13:30,3,Chelsea,Everton,2,0,2,0,H,,,,
2017-18,2017-09-09,12:30,4,Manchester City,Liverpool,5,0,2,0,H,,,,
2017-18,2017-09-09,15:00,4,Arsenal,Bournemouth,3,0,2,0,H,,,,
2017-18,2017-09-09,,4,Brighton & Hove Albion,West Bromwich Albion,3,1,1,0,H,,,,
2017-18,2017-09-09,,4,Everton,Tottenham Hotspur,0,3,0,2,A,,,,
2017-18,2017-09-09,,4,Leicester City,Chelsea,1,2,0,1,A,,,,
2017-18,2017-09-09,,4,Southampton,Watford,0,2,0,1,A,,,,
2017-18,2017-09-09,17:30,4,Stoke City,Manchester United,2,2,1,1,D,,,,
2017-18,2017-09-10,16:00,4,Swansea City,Newcastle United,0,1,0,0,A,,,,
2017-18,2017-09-10,13:30,4,Burnley,Crystal Palace,1,0,1,0,H,,,,
2017-18,2017-09-11,20:00,4,West Ham United,Huddersfield Town,2,0,0,0,H,,,,
2017-18,2017-09-15,20:00,5,Bournemouth,Brighton & Hove Albion,2,1,0,0,H,,,,
2017-18,2017-09-16,12:30,5,Crystal Palace,Southampton,0,1,0,1,A,,,,
2017-18,2017-09-16,15:00,5,Huddersfield Town,Leicester City,1,1,0,0,D,,,,
2017-18,2017-09-16,,5,Liverpool,Burnley,1,1,1,1,D,,,,
2017-18,2017-09-16,,5,Newcastle United,Stoke City,2,1,1,0,H,,,,
2017-18,2017-09-16,,5,Watford,Manchester City,0,6,0,3,A,,,,
2017-18,2017-09-16,,5,West Bromwich Albion,West Ham United,0,0,,,D,,,,
2017-18,2017-09-16,17:30,5,Tottenham Hotspur,Swansea City,0,0,,,D,,,,
2017-18,2017-09-17,16:00,5,Manchester United,Everton,4,0,1,0,H,,,,
2017-18,2017-09-17,13:30,5,Chelsea,Arsenal,0,0,,,D,,,,
2017-18,2017-09-23,12:30,6,West Ham United,Tottenham Hotspur,2,3,0,2,A,,,,
2017-18,2017-09-23,15:00,6,Burnley,Huddersfield Town,0,0,,,D,,,,
2017-18,2017-09-23,,6,Everton,Bournemouth,2,1,0,0,H,,,,
2017-18,2017-09-23,,6,Manchester City,Crystal Palace,5,0,1,0,H,,,,
2017-18,2017-09-23,,6,Southampton,Manchester United,0,1,0,1,A,,,,
2017-18,2017-09-23,,6,Stoke City,Chelsea,0,4,0,2,A,,,,
2017-18,2017-09-23,,6,Swansea City,Watford,1,2,0,1,A,,,,
2017-18,2017-09-23,17:30,6,Leicester City,Liverpool,2,3,1,2,A,,,,
2017-18,2017-09-24,16:00,6,Brighton & Hove Albion,Newcastle United,1,0,0,0,H,,,,
2017-18,2017-09-25,20:00,6,Arsenal,West Bromwich Albion,2,0,1,0,H,,,,
2017-18,2017-09-30,12:30,7,Huddersfield Town,Tottenham Hotspur,0,4,0,3,A,,,,
2017-18,2017-09-30,15:00,7,Bournemouth,Leicester City,0,0,,,D,,,,
2017-18,2017-09-30,,7,Manchester United,Crystal Palace,4,0,2,0,H,,,,
2017-18,2017-09-30,,7,Stoke City,Southampton,2,1,1,0,H,,,,
2017-18,2017-09-30,,7,West Bromwich Albion,Watford,2,2,2,1,D,,,,
2017-18,2017-09-30,,7,West Ham United,Swansea City,1,0,0,0,H,,,,
2017-18,2017-09-30,17:30,7,Chelsea,Manchester City,0,1,0,0,A,,,,
2017-18,2017-10-01,12:00,7,Arsenal,Brighton & Hove Albion,2,0,1,0,H,,,,
2017-18,2017-10-01,14:15,7,Everton,Burnley,0,1,0,1,A,,,,
2017-18,2017-10-01,16:30,7,Newcastle United,Liverpool,1,1,1,1,D,,,,
2017-18,2017-10-14,12:30,8,Liverpool,Manchester United,0,0,,,D,,,,
2017-18,2017-10-14,15:00,8,Burnley,West Ham United,1,1,0,1,D,,,,
2017-18,2017-10-14,,8,Crystal Palace,Chelsea,2,1,2,1,H,,,,
2017-18,2017-10-14,,8,Manchester City,Stoke City,7,2,3,1,H,,,,
2017-18,2017-10-14,,8,Swansea City,Huddersfield Town,2,0,1,0,H,,,,
2017-18,2017-10-14,,8,Tottenham Hotspur,Bournemouth,1,0,0,0,H,,,,
2017-18,2017-10-14,17:30,8,Watford,Arsenal,2,1,0,1,H,,,,
2017-18,2017-10-15,16:00,8,Southampton,Newcastle United,2,2,0,1,D,,,,
2017-18,2017-10-15,13:30,8,Brighton & Hove Albion,Everton,1,1,0,0,D,,,,
2017-18,2017-10-16,20:00,8,Leicester City,West Bromwich Albion,1,1,0,0,D,,,,
2017-18,2017-10-20,20:00,9,West Ham United,Brighton & Hove Albion,0,3,0,2,A,,,,
2017-18,2017-10-21,12:30,9,Chelsea,Watford,4,2,1,1,H,,,,
2017-18,2017-10-21,15:00,9,Huddersfield Town,Manchester United,2,1,2,0,H,,,,
2017-18,2017-10-21,,9,Manchester City,Burnley,3,0,1,0,H,,,,
2017-18,2017-10-21,,9,Newcastle United,Crystal Palace,1,0,0,0,H,,,,
2017-18,2017-10-21,,9,Stoke City,Bournemouth,1,2,0,2,A,,,,
2017-18,2017-10-21,,9,Swansea City,Leicester City,1,2,0,1,A,,,,
2017-18,2017-10-21,17:30,9,Southampton,West Bromwich Albion,1,0,0,0,H,,,,
2017-18,2017-10-22,16:00,9,Tottenham Hotspur,Liverpool,4,1,3,1,H,,,,
2017-18,2017-10-22,13:30,9,Everton,Arsenal,2,5,1,1,A,,,,
2017-18,2017-10-28,12:30,10,Manchester United,Tottenham Hotspur,1,0,0,0,H,,,,
2017-18,2017-10-28,15:00,10,Arsenal,Swansea City,2,1,0,1,H,,,,
2017-18,2017-10-28,,10,Crystal Palace,West Ham United,2,2,0,2,D,,,,
2017-18,2017-10-28,,10,Liverpool,Huddersfield Town,3,0,0,0,H,,,,
2017-18,2017-10-28,,10,Watford,Stoke City,0,1,0,1,A,,,,
2017-18,2017-10-28,,10,West Bromwich Albion,Manchester City,2,3,1,2,A,,,,
2017-18,2017-10-28,17:30,10,Bournemouth,Chelsea,0,1,0,0,A,,,,
2017-18,2017-10-29,16:00,10,Leicester City,Everton,2,0,2,0,H,,,,
2017-18,2017-10-29,13:30,10,Brighton & Hove Albion,Southampton,1,1,0,1,D,,,,
2017-18,2017-10-30,20:00,10,Burnley,Newcastle United,1,0,0,0,H,,,,
2017-18,2017-11-04,12:30,11,Stoke City,Leicester City,2,2,1,1,D,,,,
2017-18,2017-11-04,15:00,11,Huddersfield Town,West Bromwich Albion,1,0,1,0,H,,,,
2017-18,2017-11-04,,11,Newcastle United,Bournemouth,0,1,0,0,A,,,,
2017-18,2017-11-04,,11,Southampton,Burnley,0,1,0,0,A,,,,
2017-18,2017-11-04,,11,Swansea City,Brighton & Hove Albion,0,1,0,1,A,,,,
2017-18,2017-11-04,17:30,11,West Ham United,Liverpool,1,4,0,2,A,,,,
2017-18,2017-11-05,12:00,11,Tottenham Hotspur,Crystal Palace,1,0,0,0,H,,,,
2017-18,2017-11-05,14:15,11,Manchester City,Arsenal,3,1,1,0,H,,,,
2017-18,2017-11-05,16:30,11,Chelsea,Manchester United,1,0,0,0,H,,,,
2017-18,2017-11-05,,11,Everton,Watford,3,2,0,0,H,,,,
2017-18,2017-11-18,15:00,12,Bournemouth,Huddersfield Town,4,0,2,0,H,,,,
2017-18,2017-11-18,,12,Burnley,Swansea City,2,0,2,0,H,,,,
2017-18,2017-11-18,,12,Crystal Palace,Everton,2,2,2,2,D,,,,
2017-18,2017-11-18,,12,Leicester City,Manchester City,0,2,0,1,A,,,,
2017-18,2017-11-18,,12,Liverpool,Southampton,3,0,2,0,H,,,,
2017-18,2017-11-18,,12,West Bromwich Albion,Chelsea,0,4,0,3,A,,,,
2017-18,2017-11-18,17:30,12,Manchester United,Newcastle United,4,1,2,1,H,,,,
2017-18,2017-11-18,12:30,12,Arsenal,Tottenham Hotspur,2,0,2,0,H,,,,
2017-18,2017-11-19,16:00,12,Watford,West Ham United,2,0,1,0,H,,,,
2017-18,2017-11-20,20:00,12,Brighton & Hove Albion,Stoke City,2,2,1,2,D,,,,
2017-18,2017-11-24,20:00,13,West Ham United,Leicester City,1,1,1,1,D,,,,
2017-18,2017-11-25,15:00,13,Manchester United,Brighton & Hove Albion,1,0,0,0,H,,,,
2017-18,2017-11-25,,13,Newcastle United,Watford,0,3,0,2,A,,,,
2017-18,2017-11-25,,13,Swansea City,Bournemouth,0,0,,,D,,,,
2017-18,2017-11-25,,13,Tottenham Hotspur,West Bromwich Albion,1,1,0,1,D,,,,
2017-18,2017-11-25,17:30,13,Liverpool,Chelsea,1,1,0,0,D,,,,
2017-18,2017-11-25,15:00,13,Crystal Palace,Stoke City,2,1,0,0,H,,,,
2017-18,2017-11-26,13:30,13,Southampton,Everton,4,1,1,1,H,,,,
2017-18,2017-11-26,14:00,13,Burnley,Arsenal,0,1,0,0,A,,,,
2017-18,2017-11-26,16:00,13,Huddersfield Town,Manchester City,1,2,1,0,A,,,,
2017-18,2017-11-28,19:45,14,Leicester City,Tottenham Hotspur,2,1,2,0,H,,,,
2017-18,2017-11-28,20:00,14,Watford,Manchester United,2,4,0,3,A,,,,
2017-18,2017-11-28,,14,West Bromwich Albion,Newcastle United,2,2,1,0,D,,,,
2017-18,2017-11-28,19:45,14,Brighton & Hove Albion,Crystal Palace,0,0,,,D,,,,
2017-18,2017-11-29,19:45,14,Bournemouth,Burnley,1,2,0,1,A,,,,
2017-18,2017-11-29,,14,Arsenal,Huddersfield Town,5,0,1,0,H,,,,
2017-18,2017-11-29,,14,Chelsea,Swansea City,1,0,0,0,H,,,,
2017-18,2017-11-29,20:00,14,Everton,West Ham United,4,0,2,0,H,,,,
2017-18,2017-11-29,,14,Manchester City,Southampton,2,1,0,0,H,,,,
2017-18,2017-11-29,,14,Stoke City,Liverpool,0,3,0,1,A,,,,
2017-18,2017-12-02,12:30,15,Chelsea,Newcastle United,3,1,2,1,H,,,,
2017-18,2017-12-02,15:00,15,Brighton & Hove Albion,Liverpool,1,5,0,2,A,,,,
2017-18,2017-12-02,,15,Everton,Huddersfield Town,2,0,0,0,H,,,,
2017-18,2017-12-02,,15,Leicester City,Burnley,1,0,1,0,H,,,,
2017-18,2017-12-02,,15,Stoke City,Swansea City,2,1,2,1,H,,,,
2017-18,2017-12-02,,15,Watford,Tottenham Hotspur,1,1,1,1,D,,,,
2017-18,2017-12-02,,15,West Bromwich Albion,Crystal Palace,0,0,,,D,,,,
2017-18,2017-12-02,17:30,15,Arsenal,Manchester United,1,3,0,2,A,,,,
2017-18,2017-12-03,16:00,15,Manchester City,West Ham United,2,1,0,1,H,,,,
2017-18,2017-12-03,13:30,15,Bournemouth,Southampton,1,1,1,0,D,,,,
2017-18,2017-12-09,12:30,16,West Ham United,Chelsea,1,0,1,0,H,,,,
2017-18,2017-12-09,15:00,16,Burnley,Watford,1,0,1,0,H,,,,
2017-18,2017-12-09,,16,Crystal Palace,Bournemouth,2,2,2,2,D,,,,
2017-18,2017-12-09,,16,Huddersfield Town,Brighton & Hove Albion,2,0,2,0,H,,,,
2017-18,2017-12-09,,16,Swansea City,West Bromwich Albion,1,0,0,0,H,,,,
2017-18,2017-12-09,,16,Tottenham Hotspur,Stoke City,5,1,1,0,H,,,,
2017-18,2017-12-09,17:30,16,Newcastle United,Leicester City,2,3,1,1,A,,,,
2017-18,2017-12-10,14:15,16,Liverpool,Everton,1,1,1,0,D,,,,
2017-18,2017-12-10,16:30,16,Manchester United,Manchester City,1,2,1,1,A,,,,
2017-18,2017-12-10,12:00,16,Southampton,Arsenal,1,1,1,0,D,,,,
2017-18,2017-12-12,20:00,17,Crystal Palace,Watford,2,1,0,1,H,,,,
2017-18,2017-12-12,,17,Huddersfield Town,Chelsea,1,3,0,2,A,,,,
2017-18,2017-12-12,19:45,17,Burnley,Stoke City,1,0,0,0,H,,,,
2017-18,2017-12-13,19:45,17,Swansea City,Manchester City,0,4,0,2,A,,,,
2017-18,2017-12-13,,17,Newcastle United,Everton,0,1,0,1,A,,,,
2017-18,2017-12-13,,17,Southampton,Leicester City,1,4,0,3,A,,,,
2017-18,2017-12-13,20:00,17,Manchester United,Bournemouth,1,0,1,0,H,,,,
2017-18,2017-12-13,,17,West Ham United,Arsenal,0,0,,,D,,,,
2017-18,2017-12-13,,17,Liverpool,West Bromwich Albion,0,0,,,D,,,,
2017-18,2017-12-13,,17,Tottenham Hotspur,Brighton & Hove Albion,2,0,1,0,H,,,,
2017-18,2017-12-16,12:30,18,Leicester City,Crystal Palace,0,3,0,2,A,,,,
2017-18,2017-12-16,15:00,18,Arsenal,Newcastle United,1,0,1,0,H,,,,
2017-18,2017-12-16,,18,Brighton & Hove Albion,Burnley,0,0,,,D,,,,
2017-18,2017-12-16,,18,Chelsea,Southampton,1,0,1,0,H,,,,
2017-18,2017-12-16,,18,Watford,Huddersfield Town,1,4,0,2,A,,,,
2017-18,2017-12-16,16:00,18,Stoke City,West Ham United,0,3,0,1,A,,,,
2017-18,2017-12-16,17:30,18,Manchester City,Tottenham Hotspur,4,1,1,0,H,,,,
2017-18,2017-12-17,16:30,18,Bournemouth,Liverpool,0,4,0,3,A,,,,
2017-18,2017-12-17,14:15,18,West Bromwich Albion,Manchester United,1,2,0,2,A,,,,
2017-18,2017-12-18,20:00,18,Everton,Swansea City,3,1,1,1,H,,,,
2017-18,2017-12-22,19:45,19,Arsenal,Liverpool,3,3,0,1,D,,,,
2017-18,2017-12-23,12:30,19,Everton,Chelsea,0,0,,,D,,,,
2017-18,2017-12-23,15:00,19,Brighton & Hove Albion,Watford,1,0,0,0,H,,,,
2017-18,2017-12-23,,19,Manchester City,Bournemouth,4,0,1,0,H,,,,
2017-18,2017-12-23,,19,Southampton,Huddersfield Town,1,1,1,0,D,,,,
2017-18,2017-12-23,,19,Stoke City,West Bromwich Albion,3,1,2,0,H,,,,
2017-18,2017-12-23,,19,Swansea City,Crystal Palace,1,1,0,0,D,,,,
2017-18,2017-12-23,,19,West Ham United,Newcastle United,2,3,1,1,A,,,,
2017-18,2017-12-23,17:30,19,Burnley,Tottenham Hotspur,0,3,0,1,A,,,,
2017-18,2017-12-23,19:45,19,Leicester City,Manchester United,2,2,1,1,D,,,,
2017-18,2017-12-26,12:30,20,Tottenham Hotspur,Southampton,5,2,2,0,H,,,,
2017-18,2017-12-26,15:00,20,Bournemouth,West Ham United,3,3,1,1,D,,,,
2017-18,2017-12-26,,20,Chelsea,Brighton & Hove Albion,2,0,0,0,H,,,,
2017-18,2017-12-26,,20,Huddersfield Town,Stoke City,1,1,1,0,D,,,,
2017-18,2017-12-26,,20,Manchester United,Burnley,2,2,0,2,D,,,,
2017-18,2017-12-26,,20,Watford,Leicester City,2,1,1,1,H,,,,
2017-18,2017-12-26,,20,West Bromwich Albion,Everton,0,0,,,D,,,,
2017-18,2017-12-26,17:30,20,Liverpool,Swansea City,5,0,1,0,H,,,,
2017-18,2017-12-27,19:45,20,Newcastle United,Manchester City,0,1,0,1,A,,,,
2017-18,2017-12-28,20:00,20,Crystal Palace,Arsenal,2,3,0,1,A,,,,
2017-18,2017-12-30,15:00,21,Bournemouth,Everton,2,1,1,0,H,,,,
2017-18,2017-12-30,,21,Chelsea,Stoke City,5,0,3,0,H,,,,
2017-18,2017-12-30,,21,Huddersfield Town,Burnley,0,0,,,D,,,,
2017-18,2017-12-30,,21,Liverpool,Leicester City,2,1,0,1,H,,,,
2017-18,2017-12-30,,21,Newcastle United,Brighton & Hove Albion,0,0,,,D,,,,
2017-18,2017-12-30,,21,Watford,Swansea City,1,2,1,0,A,,,,
2017-18,2017-12-30,17:30,21,Manchester United,Southampton,0,0,,,D,,,,
2017-18,2017-12-31,12:00,21,Crystal Palace,Manchester City,0,0,,,D,,,,
2017-18,2017-12-31,16:30,21,West Bromwich Albion,Arsenal,1,1,0,0,D,,,,
2017-18,2018-01-01,12:30,22,Brighton & Hove Albion,Bournemouth,2,2,1,1,D,,,,
2017-18,2018-01-01,15:00,22,Burnley,Liverpool,1,2,0,0,A,,,,
2017-18,2018-01-01,,22,Leicester City,Huddersfield Town,3,0,0,0,H,,,,
2017-18,2018-01-01,,22,Stoke City,Newcastle United,0,1,0,0,A,,,,
2017-18,2018-01-01,17:30,22,Everton,Manchester United,0,2,0,0,A,,,,
2017-18,2018-01-02,20:00,22,Manchester City,Watford,3,1,2,0,H,,,,
2017-18,2018-01-02,19:45,22,Southampton,Crystal Palace,1,2,1,0,A,,,,
2017-18,2018-01-02,,22,Swansea City,Tottenham Hotspur,0,2,0,1,A,,,,
2017-18,2018-01-02,,22,West Ham United,West Bromwich Albion,2,1,0,1,H,,,,
2017-18,2018-01-03,19:45,22,Arsenal,Chelsea,2,2,0,0,D,,,,
2017-18,2018-01-04,20:00,21,Tottenham Hotspur,West Ham United,1,1,0,0,D,,,,
2017-18,2018-01-13,15:00,23,Chelsea,Leicester City,0,0,,,D,,,,
2017-18,2018-01-13,,23,Crystal Palace,Burnley,1,0,1,0,H,,,,
2017-18,2018-01-13,,23,Huddersfield Town,West Ham United,1,4,1,1,A,,,,
2017-18,2018-01-13,,23,Newcastle United,Swansea City,1,1,0,0,D,,,,
2017-18,2018-01-13,,23,Watford,Southampton,2,2,0,2,D,,,,
2017-18,2018-01-13,,23,West Bromwich Albion,Brighton & Hove Albion,2,0,1,0,H,,,,
2017-18,2018-01-13,17:30,23,Tottenham Hotspur,Everton,4,0,1,0,H,,,,
2017-18,2018-01-14,16:00,23,Liverpool,Manchester City,4,3,1,1,H,,,,
2017-18,2018-01-14,13:30,23,Bournemouth,Arsenal,2,1,0,0,H,,,,
2017-18,2018-01-15,20:00,23,Manchester United,Stoke City,3,0,2,0,H,,,,
2017-18,2018-01-20,12:30,24,Brighton & Hove Albion,Chelsea,0,4,0,2,A,,,,
2017-18,2018-01-20,15:00,24,Arsenal,Crystal Palace,4,1,4,0,H,,,,
2017-18,2018-01-20,,24,Burnley,Manchester United,0,1,0,0,A,,,,
2017-18,2018-01-20,,24,Everton,West Bromwich Albion,1,1,0,1,D,,,,
2017-18,2018-01-20,,24,Leicester City,Watford,2,0,1,0,H,,,,
2017-18,2018-01-20,,24,Stoke City,Huddersfield Town,2,0,0,0,H,,,,
2017-18,2018-01-20,,24,West Ham United,Bournemouth,1,1,0,0,D,,,,
2017-18,2018-01-20,17:30,24,Manchester City,Newcastle United,3,1,1,0,H,,,,
2017-18,2018-01-21,16:00,24,Southampton,Tottenham Hotspur,1,1,1,1,D,,,,
2017-18,2018-01-22,20:00,24,Swansea City,Liverpool,1,0,1,0,H,,,,
2017-18,2018-01-30,19:45,25,West Ham United,Crystal Palace,1,1,1,1,D,,,,
2017-18,2018-01-30,20:00,25,Huddersfield Town,Liverpool,0,3,0,2,A,,,,
2017-18,2018-01-30,19:45,25,Swansea City,Arsenal,3,1,1,1,H,,,,
2017-18,2018-01-31,19:45,25,Chelsea,Bournemouth,0,3,0,0,A,,,,
2017-18,2018-01-31,,25,Everton,Leicester City,2,1,2,0,H,,,,
2017-18,2018-01-31,,25,Newcastle United,Burnley,1,1,0,0,D,,,,
2017-18,2018-01-31,,25,Southampton,Brighton & Hove Albion,1,1,0,1,D,,,,
2017-18,2018-01-31,20:00,25,Manchester City,West Bromwich Albion,3,0,1,0,H,,,,
2017-18,2018-01-31,,25,Stoke City,Watford,0,0,,,D,,,,
2017-18,2018-01-31,,25,Tottenham Hotspur,Manchester United,2,0,2,0,H,,,,
2017-18,2018-02-03,12:30,26,Burnley,Manchester City,1,1,0,1,D,,,,
2017-18,2018-02-03,15:00,26,Bournemouth,Stoke City,2,1,0,1,H,,,,
2017-18,2018-02-03,,26,Brighton & Hove Albion,West Ham United,3,1,1,1,H,,,,
2017-18,2018-02-03,,26,Leicester City,Swansea City,1,1,1,0,D,,,,
2017-18,2018-02-03,,26,Manchester United,Huddersfield Town,2,0,0,0,H,,,,
2017-18,2018-02-03,,26,West Bromwich Albion,Southampton,2,3,1,2,A,,,,
2017-18,2018-02-03,17:30,26,Arsenal,Everton,5,1,4,0,H,,,,
2017-18,2018-02-04,16:30,26,Liverpool,Tottenham Hotspur,2,2,1,0,D,,,,
2017-18,2018-02-04,14:15,26,Crystal Palace,Newcastle United,1,1,0,1,D,,,,
2017-18,2018-02-05,20:00,26,Watford,Chelsea,4,1,1,0,H,,,,
2017-18,2018-02-10,12:30,27,Tottenham Hotspur,Arsenal,1,0,0,0,H,,,,
2017-18,2018-02-10,15:00,27,Everton,Crystal Palace,3,1,0,0,H,,,,
2017-18,2018-02-10,,27,Stoke City,Brighton & Hove Albion,1,1,0,1,D,,,,
2017-18,2018-02-10,,27,Swansea City,Burnley,1,0,0,0,H,,,,
2017-18,2018-02-10,,27,West Ham United,Watford,2,0,1,0,H,,,,
2017-18,2018-02-10,17:30,27,Manchester City,Leicester City,5,1,1,1,H,,,,
2017-18,2018-02-11,14:15,27,Newcastle United,Manchester United,1,0,0,0,H,,,,
2017-18,2018-02-11,16:30,27,Southampton,Liverpool,0,2,0,2,A,,,,
2017-18,2018-02-11,12:00,27,Huddersfield Town,Bournemouth,4,1,2,1,H,,,,
2017-18,2018-02-12,20:00,27,Chelsea,West Bromwich Albion,3,0,1,0,H,,,,
2017-18,2018-02-24,12:30,28,Leicester City,Stoke City,1,1,0,1,D,,,,
2017-18,2018-02-24,15:00,28,Bournemouth,Newcastle United,2,2,0,2,D,,,,
2017-18,2018-02-24,,28,Brighton & Hove Albion,Swansea City,4,1,1,0,H,,,,
2017-18,2018-02-24,,28,Burnley,Southampton,1,1,0,0,D,,,,
2017-18,2018-02-24,,28,Liverpool,West Ham United,4,1,1,0,H,,,,
2017-18,2018-02-24,,28,West Bromwich Albion,Huddersfield Town,1,2,0,0,A,,,,
2017-18,2018-02-24,17:30,28,Watford,Everton,1,0,0,0,H,,,,
2017-18,2018-02-25,14:05,28,Manchester United,Chelsea,2,1,1,1,H,,,,
2017-18,2018-02-25,12:00,28,Crystal Palace,Tottenham Hotspur,0,1,0,0,A,,,,
2017-18,2018-03-01,19:45,28,Arsenal,Manchester City,0,3,0,3,A,,,,
2017-18,2018-03-03,12:30,29,Burnley,Everton,2,1,0,1,H,,,,
2017-18,2018-03-03,15:00,29,Leicester City,Bournemouth,1,1,0,1,D,,,,
2017-18,2018-03-03,,29,Southampton,Stoke City,0,0,,,D,,,,
2017-18,2018-03-03,,29,Swansea City,West Ham United,4,1,2,0,H,,,,
2017-18,2018-03-03,,29,Tottenham Hotspur,Huddersfield Town,2,0,1,0,H,,,,
2017-18,2018-03-03,,29,Watford,West Bromwich Albion,1,0,0,0,H,,,,
2017-18,2018-03-03,17:30,29,Liverpool,Newcastle United,2,0,1,0,H,,,,
2017-18,2018-03-04,16:00,29,Manchester City,Chelsea,1,0,0,0,H,,,,
2017-18,2018-03-04,13:30,29,Brighton & Hove Albion,Arsenal,2,1,2,1,H,,,,
2017-18,2018-03-05,20:00,29,Crystal Palace,Manchester United,2,3,1,0,A,,,,
2017-18,2018-03-10,15:00,30,Everton,Brighton & Hove Albion,2,0,0,0,H,,,,
2017-18,2018-03-10,,30,Huddersfield Town,Swansea City,0,0,,,D,,,,
2017-18,2018-03-10,,30,Newcastle United,Southampton,3,0,2,0,H,,,,
2017-18,2018-03-10,,30,West Bromwich Albion,Leicester City,1,4,1,1,A,,,,
2017-18,2018-03-10,,30,West Ham United,Burnley,0,3,0,0,A,,,,
2017-18,2018-03-10,17:30,30,Chelsea,Crystal Palace,2,1,2,0,H,,,,
2017-18,2018-03-10,12:30,30,Manchester United,Liverpool,2,1,2,0,H,,,,
2017-18,2018-03-11,13:30,30,Arsenal,Watford,3,0,1,0,H,,,,
2017-18,2018-03-11,16:00,30,Bournemouth,Tottenham Hotspur,1,4,1,1,A,,,,
2017-18,2018-03-12,20:00,30,Stoke City,Manchester City,0,2,0,1,A,,,,
2017-18,2018-03-17,15:00,31,Huddersfield Town,Crystal Palace,0,2,0,1,A,,,,
2017-18,2018-03-17,,31,Stoke City,Everton,1,2,0,0,A,,,,
2017-18,2018-03-17,17:30,31,Liverpool,Watford,5,0,2,0,H,,,,
2017-18,2018-03-17,15:00,31,Bournemouth,West Bromwich Albion,2,1,0,0,H,,,,
2017-18,2018-03-31,17:30,32,Everton,Manchester City,1,3,0,3,A,,,,
2017-18,2018-03-31,15:00,32,West Bromwich Albion,Burnley,1,2,0,1,A,,,,
2017-18,2018-03-31,,32,Watford,Bournemouth,2,2,1,1,D,,,,
2017-18,2018-03-31,,32,West Ham United,Southampton,3,0,3,0,H,,,,
2017-18,2018-03-31,,32,Newcastle United,Huddersfield Town,1,0,0,0,H,,,,
2017-18,2018-03-31,,32,Manchester United,Swansea City,2,0,2,0,H,,,,
2017-18,2018-03-31,12:30,32,Crystal Palace,Liverpool,1,2,1,0,A,,,,
2017-18,2018-03-31,15:00,32,Brighton & Hove Albion,Leicester City,0,2,0,0,A,,,,
2017-18,2018-04-01,16:00,32,Chelsea,Tottenham Hotspur,1,3,1,1,A,,,,
2017-18,2018-04-01,13:30,32,Arsenal,Stoke City,3,0,0,0,H,,,,
2017-18,2018-04-07,15:00,33,West Bromwich Albion,Swansea City,1,1,0,0,D,,,,
2017-18,2018-04-07,,33,Watford,Burnley,1,2,0,0,A,,,,
2017-18,2018-04-07,,33,Stoke City,Tottenham Hotspur,1,2,0,0,A,,,,
2017-18,2018-04-07,,33,Bournemouth,Crystal Palace,2,2,0,0,D,,,,
2017-18,2018-04-07,17:30,33,Manchester City,Manchester United,2,3,2,0,A,,,,
2017-18,2018-04-07,15:00,33,Brighton & Hove Albion,Huddersfield Town,1,1,1,1,D,,,,
2017-18,2018-04-07,12:30,33,Everton,Liverpool,0,0,,,D,,,,
2017-18,2018-04-07,15:00,33,Leicester City,Newcastle United,1,2,0,1,A,,,,
2017-18,2018-04-08,14:15,33,Arsenal,Southampton,3,2,2,1,H,,,,
2017-18,2018-04-08,16:30,33,Chelsea,West Ham United,1,1,1,0,D,,,,
2017-18,2018-04-14,17:30,34,Liverpool,Bournemouth,3,0,1,0,H,,,,
2017-18,2018-04-14,15:00,34,Swansea City,Everton,1,1,0,1,D,,,,
2017-18,2018-04-14,,34,Huddersfield Town,Watford,1,0,0,0,H,,,,
2017-18,2018-04-14,,34,Crystal Palace,Brighton & Hove Albion,3,2,3,2,H,,,,
2017-18,2018-04-14,,34,Burnley,Leicester City,2,1,2,0,H,,,,
2017-18,2018-04-14,19:45,34,Tottenham Hotspur,Manchester City,1,3,1,2,A,,,,
2017-18,2018-04-14,12:30,34,Southampton,Chelsea,2,3,1,0,A,,,,
2017-18,2018-04-15,16:00,34,Manchester United,West Bromwich Albion,0,1,0,0,A,,,,
2017-18,2018-04-15,13:30,34,Newcastle United,Arsenal,2,1,1,1,H,,,,
2017-18,2018-04-16,20:00,34,West Ham United,Stoke City,1,1,0,0,D,,,,
2017-18,2018-04-17,19:45,35,Brighton & Hove Albion,Tottenham Hotspur,1,1,0,0,D,,,,
2017-18,2018-04-18,19:45,35,Bournemouth,Manchester United,0,2,0,1,A,,,,
2017-18,2018-04-19,19:45,35,Leicester City,Southampton,0,0,,,D,,,,
2017-18,2018-04-19,19:45,31,Burnley,Chelsea,1,2,0,1,A,,,,
2017-18,2018-04-21,15:00,35,Watford,Crystal Palace,0,0,,,D,,,,
2017-18,2018-04-21,12:30,35,West Bromwich Albion,Liverpool,2,2,0,1,D,,,,
2017-18,2018-04-22,13:30,35,Stoke City,Burnley,1,1,1,0,D,,,,
2017-18,2018-04-22,,35,Arsenal,West Ham United,4,1,0,0,H,,,,
2017-18,2018-04-22,16:30,35,Manchester City,Swansea City,5,0,2,0,H,,,,
2017-18,2018-04-23,20:00,35,Everton,Newcastle United,1,0,0,0,H,,,,
2017-18,2018-04-28,15:00,36,Huddersfield Town,Everton,0,2,0,1,A,,,,
2017-18,2018-04-28,,36,Newcastle United,West Bromwich Albion,0,1,0,1,A,,,,
2017-18,2018-04-28,17:30,36,Swansea City,Chelsea,0,1,0,1,A,,,,
2017-18,2018-04-28,15:00,36,Southampton,Bournemouth,2,1,1,1,H,,,,
2017-18,2018-04-28,,36,Crystal Palace,Leicester City,5,0,2,0,H,,,,
2017-18,2018-04-28,,36,Burnley,Brighton & Hove Albion,0,0,,,D,,,,
2017-18,2018-04-28,12:30,36,Liverpool,Stoke City,0,0,,,D,,,,
2017-18,2018-04-29,16:30,36,Manchester United,Arsenal,2,1,1,0,H,,,,
2017-18,2018-04-29,14:15,36,West Ham United,Manchester City,1,4,1,2,A,,,,
2017-18,2018-04-30,20:00,36,Tottenham Hotspur,Watford,2,0,1,0,H,,,,
2017-18,2018-05-04,20:00,37,Brighton & Hove Albion,Manchester United,1,0,0,0,H,,,,
2017-18,2018-05-05,15:00,37,West Bromwich Albion,Tottenham Hotspur,1,0,0,0,H,,,,
2017-18,2018-05-05,,37,Watford,Newcastle United,2,1,2,0,H,,,,
2017-18,2018-05-05,17:30,37,Everton,Southampton,1,1,0,0,D,,,,
2017-18,2018-05-05,15:00,37,Bournemouth,Swansea City,1,0,1,0,H,,,,
2017-18,2018-05-05,,37,Leicester City,West Ham United,0,2,0,1,A,,,,
2017-18,2018-05-05,12:30,37,Stoke City,Crystal Palace,1,2,1,0,A,,,,
2017-18,2018-05-06,13:30,37,Manchester City,Huddersfield Town,0,0,,,D,,,,
2017-18,2018-05-06,16:30,37,Arsenal,Burnley,5,0,2,0,H,,,,
2017-18,2018-05-06,,37,Chelsea,Liverpool,1,0,1,0,H,,,,
2017-18,2018-05-08,19:45,31,Swansea City,Southampton,0,1,0,0,A,,,,
2017-18,2018-05-09,20:00,31,Manchester City,Brighton & Hove Albion,3,1,2,1,H,,,,
2017-18,2018-05-09,19:45,31,Leicester City,Arsenal,3,1,1,0,H,,,,
2017-18,2018-05-09,19:45,35,Chelsea,Huddersfield Town,1,1,0,0,D,,,,
2017-18,2018-05-09,20:00,31,Tottenham Hotspur,Newcastle United,1,0,0,0,H,,,,
2017-18,2018-05-10,19:45,31,West Ham United,Manchester United,0,0,,,D,,,,
2017-18,2018-05-13,15:00,38,Burnley,Bournemouth,1,2,1,0,A,,,,
2017-18,2018-05-13,,38,Crystal Palace,West Bromwich Albion,2,0,0,0,H,,,,
2017-18,2018-05-13,,38,Huddersfield Town,Arsenal,0,1,0,1,A,,,,
2017-18,2018-05-13,,38,Liverpool,Brighton & Hove Albion,4,0,2,0,H,,,,
2017-18,2018-05-13,,38,Manchester United,Watford,1,0,1,0,H,,,,
2017-18,2018-05-13,,38,Newcastle United,Chelsea,3,0,1,0,H,,,,
2017-18,2018-05-13,,38,Southampton,Manchester City,0,1,0,0,A,,,,
2017-18,2018-05-13,,38,Swansea City,Stoke City,1,2,1,2,A,,,,
2017-18,2018-05-13,,38,Tottenham Hotspur,Leicester City,5,4,1,2,H,,,,
2017-18,2018-05-13,,38,West Ham United,Everton,3,1,1,0,H,,,,
2018-19,2018-08-10,20:00,1,Manchester United,Leicester City,2,1,1,0,H,,,,
2018-19,2018-08-11,12:30,1,Newcastle United,Tottenham Hotspur,1,2,1,2,A,,,,
2018-19,2018-08-11,15:00,1,Bournemouth,Cardiff City,2,0,1,0,H,,,,
2018-19,2018-08-11,,1,Fulham,Crystal Palace,0,2,0,1,A,,,,
2018-19,2018-08-11,,1,Huddersfield Town,Chelsea,0,3,0,2,A,,,,
2018-19,2018-08-11,,1,Watford,Brighton & Hove Albion,2,0,1,0,H,,,,
2018-19,2018-08-11,17:30,1,Wolverhampton Wanderers,Everton,2,2,1,1,D,,,,
2018-19,2018-08-12,13:30,1,Liverpool,West Ham United,4,0,2,0,H,,,,
2018-19,2018-08-12,16:00,1,Arsenal,Manchester City,0,2,0,1,A,,,,
2018-19,2018-08-12,13:30,1,Southampton,Burnley,0,0,,,D,,,,
2018-19,2018-08-18,12:30,2,Cardiff City,Newcastle United,0,0,,,D,,,,
2018-19,2018-08-18,15:00,2,Everton,Southampton,2,1,2,0,H,,,,
2018-19,2018-08-18,,2,Leicester City,Wolverhampton Wanderers,2,0,2,0,H,,,,
2018-19,2018-08-18,,2,Tottenham Hotspur,Fulham,3,1,1,0,H,,,,
2018-19,2018-08-18,,2,West Ham United,Bournemouth,1,2,1,0,A,,,,
2018-19,2018-08-18,17:30,2,Chelsea,Arsenal,3,2,2,2,H,,,,
2018-19,2018-08-19,13:30,2,Manchester City,Huddersfield Town,6,1,3,1,H,,,,
2018-19,2018-08-19,16:00,2,Brighton & Hove Albion,Manchester United,3,2,3,1,H,,,,
2018-19,2018-08-19,13:30,2,Burnley,Watford,1,3,1,1,A,,,,
2018-19,2018-08-20,20:00,2,Crystal Palace,Liverpool,0,2,0,1,A,,,,
2018-19,2018-08-25,12:30,3,Wolverhampton Wanderers,Manchester City,1,1,0,0,D,,,,
2018-19,2018-08-25,15:00,3,Arsenal,West Ham United,3,1,1,1,H,,,,
2018-19,2018-08-25,,3,Bournemouth,Everton,2,2,0,0,D,,,,
2018-19,2018-08-25,,3,Huddersfield Town,Cardiff City,0,0,,,D,,,,
2018-19,2018-08-25,,3,Southampton,Leicester City,1,2,0,0,A,,,,
2018-19,2018-08-25,17:30,3,Liverpool,Brighton & Hove Albion,1,0,1,0,H,,,,
2018-19,2018-08-26,16:00,3,Fulham,Burnley,4,2,3,2,H,,,,
2018-19,2018-08-26,,3,Newcastle United,Chelsea,1,2,0,0,A,,,,
2018-19,2018-08-26,13:30,3,Watford,Crystal Palace,2,1,0,0,H,,,,
2018-19,2018-08-27,20:00,3,Manchester United,Tottenham Hotspur,0,3,0,0,A,,,,
2018-19,2018-09-01,12:30,4,Leicester City,Liverpool,1,2,0,2,A,,,,
2018-19,2018-09-01,15:00,4,Brighton & Hove Albion,Fulham,2,2,0,1,D,,,,
2018-19,2018-09-01,,4,Chelsea,Bournemouth,2,0,0,0,H,,,,
2018-19,2018-09-01,,4,Crystal Palace,Southampton,0,2,0,0,A,,,,
2018-19,2018-09-01,,4,Everton,Huddersfield Town,1,1,1,1,D,,,,
2018-19,2018-09-01,,4,West Ham United,Wolverhampton Wanderers,0,1,0,0,A,,,,
2018-19,2018-09-01,17:30,4,Manchester City,Newcastle United,2,1,1,1,H,,,,
2018-19,2018-09-02,16:00,4,Burnley,Manchester United,0,2,0,2,A,,,,
2018-19,2018-09-02,,4,Watford,Tottenham Hotspur,2,1,0,0,H,,,,
2018-19,2018-09-02,13:30,4,Cardiff City,Arsenal,2,3,1,1,A,,,,
2018-19,2018-09-15,12:30,5,Tottenham Hotspur,Liverpool,1,2,0,1,A,,,,
2018-19,2018-09-15,15:00,5,Bournemouth,Leicester City,4,2,3,0,H,,,,
2018-19,2018-09-15,,5,Chelsea,Cardiff City,4,1,2,1,H,,,,
2018-19,2018-09-15,,5,Huddersfield Town,Crystal Palace,0,1,0,1,A,,,,
2018-19,2018-09-15,,5,Manchester City,Fulham,3,0,2,0,H,,,,
2018-19,2018-09-15,,5,Newcastle United,Arsenal,1,2,0,0,A,,,,
2018-19,2018-09-15,17:30,5,Watford,Manchester United,1,2,0,2,A,,,,
2018-19,2018-09-16,16:00,5,Everton,West Ham United,1,3,1,2,A,,,,
2018-19,2018-09-16,13:30,5,Wolverhampton Wanderers,Burnley,1,0,0,0,H,,,,
2018-19,2018-09-17,20:00,5,Southampton,Brighton & Hove Albion,2,2,1,0,D,,,,
2018-19,2018-09-22,12:30,6,Fulham,Watford,1,1,0,1,D,,,,
2018-19,2018-09-22,15:00,6,Burnley,Bournemouth,4,0,2,0,H,,,,
2018-19,2018-09-22,,6,Cardiff City,Manchester City,0,5,0,3,A,,,,
2018-19,2018-09-22,,6,Crystal Palace,Newcastle United,0,0,,,D,,,,
2018-19,2018-09-22,,6,Leicester City,Huddersfield Town,3,1,1,1,H,,,,
2018-19,2018-09-22,,6,Manchester United,Wolverhampton Wanderers,1,1,1,0,D,,,,
2018-19,2018-09-22,,6,Liverpool,Southampton,3,0,3,0,H,,,,
2018-19,2018-09-22,17:30,6,Brighton & Hove Albion,Tottenham Hotspur,1,2,0,1,A,,,,
2018-19,2018-09-23,16:00,6,Arsenal,Everton,2,0,0,0,H,,,,
2018-19,2018-09-23,13:30,6,West Ham United,Chelsea,0,0,,,D,,,,
2018-19,2018-09-29,12:30,7,West Ham United,Manchester United,3,1,2,0,H,,,,
2018-19,2018-09-29,15:00,7,Arsenal,Watford,2,0,0,0,H,,,,
2018-19,2018-09-29,,7,Everton,Fulham,3,0,0,0,H,,,,
2018-19,2018-09-29,,7,Huddersfield Town,Tottenham Hotspur,0,2,0,2,A,,,,
2018-19,2018-09-29,,7,Manchester City,Brighton & Hove Albion,2,0,1,0,H,,,,
2018-19,2018-09-29,,7,Newcastle United,Leicester City,0,2,0,1,A,,,,
2018-19,2018-09-29,,7,Wolverhampton Wanderers,Southampton,2,0,0,0,H,,,,
2018-19,2018-09-29,17:30,7,Chelsea,Liverpool,1,1,1,0,D,,,,
2018-19,2018-09-30,16:00,7,Cardiff City,Burnley,1,2,0,0,A,,,,
2018-19,2018-10-01,20:00,7,Bournemouth,Crystal Palace,2,1,1,0,H,,,,
2018-19,2018-10-05,20:00,8,Brighton & Hove Albion,West Ham United,1,0,1,0,H,,,,
2018-19,2018-10-06,15:00,8,Crystal Palace,Wolverhampton Wanderers,0,1,0,0,A,,,,
2018-19,2018-10-06,,8,Leicester City,Everton,1,2,1,1,A,,,,
2018-19,2018-10-06,,8,Tottenham Hotspur,Cardiff City,1,0,1,0,H,,,,
2018-19,2018-10-06,,8,Watford,Bournemouth,0,4,0,3,A,,,,
2018-19,2018-10-06,17:30,8,Manchester United,Newcastle United,3,2,0,2,H,,,,
2018-19,2018-10-06,15:00,8,Burnley,Huddersfield Town,1,1,1,0,D,,,,
2018-19,2018-10-07,12:00,8,Fulham,Arsenal,1,5,1,1,A,,,,
2018-19,2018-10-07,14:15,8,Southampton,Chelsea,0,3,0,1,A,,,,
2018-19,2018-10-07,16:30,8,Liverpool,Manchester City,0,0,,,D,,,,
2018-19,2018-10-20,12:30,9,Chelsea,Manchester United,2,2,1,0,D,,,,
2018-19,2018-10-20,15:00,9,Bournemouth,Southampton,0,0,,,D,,,,
2018-19,2018-10-20,,9,Cardiff City,Fulham,4,2,2,2,H,,,,
2018-19,2018-10-20,,9,Manchester City,Burnley,5,0,1,0,H,,,,
2018-19,2018-10-20,,9,Newcastle United,Brighton & Hove Albion,0,1,0,1,A,,,,
2018-19,2018-10-20,,9,West Ham United,Tottenham Hotspur,0,1,0,1,A,,,,
2018-19,2018-10-20,,9,Wolverhampton Wanderers,Watford,0,2,0,2,A,,,,
2018-19,2018-10-20,17:30,9,Huddersfield Town,Liverpool,0,1,0,1,A,,,,
2018-19,2018-10-21,16:00,9,Everton,Crystal Palace,2,0,0,0,H,,,,
2018-19,2018-10-22,20:00,9,Arsenal,Leicester City,3,1,1,1,H,,,,
2018-19,2018-10-27,15:00,10,Brighton & Hove Albion,Wolverhampton Wanderers,1,0,0,0,H,,,,
2018-19,2018-10-27,,10,Fulham,Bournemouth,0,3,0,1,A,,,,
2018-19,2018-10-27,,10,Liverpool,Cardiff City,4,1,1,0,H,,,,
2018-19,2018-10-27,,10,Southampton,Newcastle United,0,0,,,D,,,,
2018-19,2018-10-27,,10,Watford,Huddersfield Town,3,0,2,0,H,,,,
2018-19,2018-10-27,17:30,10,Leicester City,West Ham United,1,1,0,1,D,,,,
2018-19,2018-10-28,13:30,10,Crystal Palace,Arsenal,2,2,1,0,D,,,,
2018-19,2018-10-28,16:00,10,Manchester United,Everton,2,1,1,0,H,,,,
2018-19,2018-10-28,13:30,10,Burnley,Chelsea,0,4,0,1,A,,,,
2018-19,2018-10-29,20:00,10,Tottenham Hotspur,Manchester City,0,1,0,1,A,,,,
2018-19,2018-11-03,12:30,11,Bournemouth,Manchester United,1,2,1,1,A,,,,
2018-19,2018-11-03,15:00,11,Cardiff City,Leicester City,0,1,0,0,A,,,,
2018-19,2018-11-03,,11,Everton,Brighton & Hove Albion,3,1,1,1,H,,,,
2018-19,2018-11-03,,11,Newcastle United,Watford,1,0,0,0,H,,,,
2018-19,2018-11-03,,11,West Ham United,Burnley,4,2,1,1,H,,,,
2018-19,2018-11-03,17:30,11,Arsenal,Liverpool,1,1,0,0,D,,,,
2018-19,2018-11-03,19:45,11,Wolverhampton Wanderers,Tottenham Hotspur,2,3,0,2,A,,,,
2018-19,2018-11-04,16:00,11,Chelsea,Crystal Palace,3,1,1,0,H,,,,
2018-19,2018-11-04,15:00,11,Manchester City,Southampton,6,1,4,1,H,,,,
2018-19,2018-11-05,20:00,11,Huddersfield Town,Fulham,1,0,1,0,H,,,,
2018-19,2018-11-10,12:30,12,Cardiff City,Brighton & Hove Albion,2,1,1,1,H,,,,
2018-19,2018-11-10,15:00,12,Huddersfield Town,West Ham United,1,1,1,0,D,,,,
2018-19,2018-11-10,,12,Leicester City,Burnley,0,0,,,D,,,,
2018-19,2018-11-10,,12,Newcastle United,Bournemouth,2,1,2,1,H,,,,
2018-19,2018-11-10,,12,Southampton,Watford,1,1,1,0,D,,,,
2018-19,2018-11-10,17:30,12,Crystal Palace,Tottenham Hotspur,0,1,0,0,A,,,,
2018-19,2018-11-11,12:00,12,Liverpool,Fulham,2,0,1,0,H,,,,
2018-19,2018-11-11,14:15,12,Chelsea,Everton,0,0,,,D,,,,
2018-19,2018-11-11,16:30,12,Arsenal,Wolverhampton Wanderers,1,1,0,1,D,,,,
2018-19,2018-11-11,,12,Manchester City,Manchester United,3,1,1,0,H,,,,
2018-19,2018-11-24,15:00,13,Brighton & Hove Albion,Leicester City,1,1,1,0,D,,,,
2018-19,2018-11-24,,13,Everton,Cardiff City,1,0,0,0,H,,,,
2018-19,2018-11-24,,13,Fulham,Southampton,3,2,2,1,H,,,,
2018-19,2018-11-24,,13,Manchester United,Crystal Palace,0,0,,,D,,,,
2018-19,2018-11-24,,13,Watford,Liverpool,0,3,0,0,A,,,,
2018-19,2018-11-24,,13,West Ham United,Manchester City,0,4,0,3,A,,,,
2018-19,2018-11-24,17:30,13,Tottenham Hotspur,Chelsea,3,1,2,0,H,,,,
2018-19,2018-11-25,16:00,13,Wolverhampton Wanderers,Huddersfield Town,0,2,0,1,A,,,,
2018-19,2018-11-25,13:30,13,Bournemouth,Arsenal,1,2,1,1,A,,,,
2018-19,2018-11-26,20:30,13,Burnley,Newcastle United,1,2,1,2,A,,,,
2018-19,2018-11-30,20:00,14,Cardiff City,Wolverhampton Wanderers,2,1,0,1,H,,,,
2018-19,2018-12-01,15:00,14,Crystal Palace,Burnley,2,0,1,0,H,,,,
2018-19,2018-12-01,,14,Huddersfield Town,Brighton & Hove Albion,1,2,1,1,A,,,,
2018-19,2018-12-01,,14,Leicester City,Watford,2,0,2,0,H,,,,
2018-19,2018-12-01,,14,Manchester City,Bournemouth,3,1,1,1,H,,,,
2018-19,2018-12-01,,14,Newcastle United,West Ham United,0,3,0,1,A,,,,
2018-19,2018-12-01,17:30,14,Southampton,Manchester United,2,2,2,2,D,,,,
2018-19,2018-12-02,14:05,14,Arsenal,Tottenham Hotspur,4,2,1,2,H,,,,
2018-19,2018-12-02,16:15,14,Liverpool,Everton,1,0,0,0,H,,,,
2018-19,2018-12-02,12:00,14,Chelsea,Fulham,2,0,1,0,H,,,,
2018-19,2018-12-04,19:45,15,Bournemouth,Huddersfield Town,2,1,2,1,H,,,,
2018-19,2018-12-04,,15,Brighton & Hove Albion,Crystal Palace,3,1,3,0,H,,,,
2018-19,2018-12-04,,15,West Ham United,Cardiff City,3,1,0,0,H,,,,
2018-19,2018-12-04,20:00,15,Watford,Manchester City,1,2,0,1,A,,,,
2018-19,2018-12-05,19:45,15,Fulham,Leicester City,1,1,1,0,D,,,,
2018-19,2018-12-05,,15,Wolverhampton Wanderers,Chelsea,2,1,0,1,H,,,,
2018-19,2018-12-05,,15,Everton,Newcastle United,1,1,1,1,D,,,,
2018-19,2018-12-05,20:00,15,Manchester United,Arsenal,2,2,1,1,D,,,,
2018-19,2018-12-05,,15,Tottenham Hotspur,Southampton,3,1,1,0,H,,,,
2018-19,2018-12-05,19:45,15,Burnley,Liverpool,1,3,0,0,A,,,,
2018-19,2018-12-08,12:30,16,Bournemouth,Liverpool,0,4,0,1,A,,,,
2018-19,2018-12-08,15:00,16,Arsenal,Huddersfield Town,1,0,0,0,H,,,,
2018-19,2018-12-08,,16,Burnley,Brighton & Hove Albion,1,0,1,0,H,,,,
2018-19,2018-12-08,,16,Cardiff City,Southampton,1,0,0,0,H,,,,
2018-19,2018-12-08,,16,Manchester United,Fulham,4,1,3,0,H,,,,
2018-19,2018-12-08,,16,West Ham United,Crystal Palace,3,2,0,1,H,,,,
2018-19,2018-12-08,17:30,16,Chelsea,Manchester City,2,0,1,0,H,,,,
2018-19,2018-12-08,19:45,16,Leicester City,Tottenham Hotspur,0,2,0,1,A,,,,
2018-19,2018-12-09,16:00,16,Newcastle United,Wolverhampton Wanderers,1,2,1,1,A,,,,
2018-19,2018-12-10,20:00,16,Everton,Watford,2,2,1,0,D,,,,
2018-19,2018-12-15,12:30,17,Manchester City,Everton,3,1,1,0,H,,,,
2018-19,2018-12-15,15:00,17,Crystal Palace,Leicester City,1,0,1,0,H,,,,
2018-19,2018-12-15,,17,Huddersfield Town,Newcastle United,0,1,0,0,A,,,,
2018-19,2018-12-15,,17,Tottenham Hotspur,Burnley,1,0,0,0,H,,,,
2018-19,2018-12-15,,17,Watford,Cardiff City,3,2,1,0,H,,,,
2018-19,2018-12-15,,17,Wolverhampton Wanderers,Bournemouth,2,0,1,0,H,,,,
2018-19,2018-12-15,17:30,17,Fulham,West Ham United,0,2,0,2,A,,,,
2018-19,2018-12-16,13:30,17,Brighton & Hove Albion,Chelsea,1,2,0,2,A,,,,
2018-19,2018-12-16,,17,Southampton,Arsenal,3,2,2,1,H,,,,
2018-19,2018-12-16,16:00,17,Liverpool,Manchester United,3,1,1,1,H,,,,
2018-19,2018-12-21,20:00,18,Wolverhampton Wanderers,Liverpool,0,2,0,1,A,,,,
2018-19,2018-12-22,12:30,18,Arsenal,Burnley,3,1,1,0,H,,,,
2018-19,2018-12-22,15:00,18,Bournemouth,Brighton & Hove Albion,2,0,1,0,H,,,,
2018-19,2018-12-22,,18,Chelsea,Leicester City,0,1,0,0,A,,,,
2018-19,2018-12-22,,18,Huddersfield Town,Southampton,1,3,0,2,A,,,,
2018-19,2018-12-22,,18,Manchester City,Crystal Palace,2,3,1,2,A,,,,
2018-19,2018-12-22,,18,Newcastle United,Fulham,0,0,,,D,,,,
2018-19,2018-12-22,,18,West Ham United,Watford,0,2,0,1,A,,,,
2018-19,2018-12-22,17:30,18,Cardiff City,Manchester United,1,5,1,3,A,,,,
2018-19,2018-12-23,16:00,18,Everton,Tottenham Hotspur,2,6,1,3,A,,,,
2018-19,2018-12-26,12:30,19,Fulham,Wolverhampton Wanderers,1,1,0,0,D,,,,
2018-19,2018-12-26,15:00,19,Burnley,Everton,1,5,1,3,A,,,,
2018-19,2018-12-26,,19,Crystal Palace,Cardiff City,0,0,,,D,,,,
2018-19,2018-12-26,,19,Leicester City,Manchester City,2,1,1,1,H,,,,
2018-19,2018-12-26,,19,Liverpool,Newcastle United,4,0,1,0,H,,,,
2018-19,2018-12-26,,19,Manchester United,Huddersfield Town,3,1,1,0,H,,,,
2018-19,2018-12-26,,19,Tottenham Hotspur,Bournemouth,5,0,3,0,H,,,,
2018-19,2018-12-26,17:15,19,Brighton & Hove Albion,Arsenal,1,1,1,1,D,,,,
2018-19,2018-12-26,19:30,19,Watford,Chelsea,1,2,1,1,A,,,,
2018-19,2018-12-27,19:45,19,Southampton,West Ham United,1,2,0,0,A,,,,
2018-19,2018-12-29,15:00,20,Brighton & Hove Albion,Everton,1,0,0,0,H,,,,
2018-19,2018-12-29,,20,Fulham,Huddersfield Town,1,0,0,0,H,,,,
2018-19,2018-12-29,,20,Leicester City,Cardiff City,0,1,0,0,A,,,,
2018-19,2018-12-29,,20,Tottenham Hotspur,Wolverhampton Wanderers,1,3,1,0,A,,,,
2018-19,2018-12-29,,20,Watford,Newcastle United,1,1,0,1,D,,,,
2018-19,2018-12-29,17:30,20,Liverpool,Arsenal,5,1,4,1,H,,,,
2018-19,2018-12-30,14:15,20,Burnley,West Ham United,2,0,2,0,H,,,,
2018-19,2018-12-30,,20,Southampton,Manchester City,1,3,1,3,A,,,,
2018-19,2018-12-30,16:30,20,Manchester United,Bournemouth,4,1,3,1,H,,,,
2018-19,2018-12-30,12:00,20,Crystal Palace,Chelsea,0,1,0,0,A,,,,
2018-19,2019-01-01,15:00,21,Arsenal,Fulham,4,1,1,0,H,,,,
2018-19,2019-01-01,17:30,21,Cardiff City,Tottenham Hotspur,0,3,0,3,A,,,,
2018-19,2019-01-01,12:30,21,Everton,Leicester City,0,1,0,0,A,,,,
2018-19,2019-01-02,19:45,21,Bournemouth,Watford,3,3,3,3,D,,,,
2018-19,2019-01-02,,21,Chelsea,Southampton,0,0,,,D,,,,
2018-19,2019-01-02,,21,Huddersfield Town,Burnley,1,2,1,1,A,,,,
2018-19,2019-01-02,,21,West Ham United,Brighton & Hove Albion,2,2,0,0,D,,,,
2018-19,2019-01-02,,21,Wolverhampton Wanderers,Crystal Palace,0,2,0,0,A,,,,
2018-19,2019-01-02,20:00,21,Newcastle United,Manchester United,0,2,0,0,A,,,,
2018-19,2019-01-03,20:00,21,Manchester City,Liverpool,2,1,1,0,H,,,,
2018-19,2019-01-12,15:00,22,Brighton & Hove Albion,Liverpool,0,1,0,0,A,,,,
2018-19,2019-01-12,,22,Burnley,Fulham,2,1,2,1,H,,,,
2018-19,2019-01-12,,22,Cardiff City,Huddersfield Town,0,0,,,D,,,,
2018-19,2019-01-12,,22,Crystal Palace,Watford,1,2,1,0,A,,,,
2018-19,2019-01-12,,22,Leicester City,Southampton,1,2,0,2,A,,,,
2018-19,2019-01-12,17:30,22,Chelsea,Newcastle United,2,1,1,1,H,,,,
2018-19,2019-01-12,12:30,22,West Ham United,Arsenal,1,0,0,0,H,,,,
2018-19,2019-01-13,14:15,22,Everton,Bournemouth,2,0,0,0,H,,,,
2018-19,2019-01-13,16:30,22,Tottenham Hotspur,Manchester United,0,1,0,1,A,,,,
2018-19,2019-01-14,20:00,22,Manchester City,Wolverhampton Wanderers,3,0,2,0,H,,,,
2018-19,2019-01-19,12:30,23,Wolverhampton Wanderers,Leicester City,4,3,2,0,H,,,,
2018-19,2019-01-19,15:00,23,Bournemouth,West Ham United,2,0,0,0,H,,,,
2018-19,2019-01-19,,23,Liverpool,Crystal Palace,4,3,0,1,H,,,,
2018-19,2019-01-19,,23,Manchester United,Brighton & Hove Albion,2,1,2,0,H,,,,
2018-19,2019-01-19,,23,Newcastle United,Cardiff City,3,0,1,0,H,,,,
2018-19,2019-01-19,,23,Southampton,Everton,2,1,0,0,H,,,,
2018-19,2019-01-19,,23,Watford,Burnley,0,0,,,D,,,,
2018-19,2019-01-19,17:30,23,Arsenal,Chelsea,2,0,2,0,H,,,,
2018-19,2019-01-20,13:30,23,Huddersfield Town,Manchester City,0,3,0,1,A,,,,
2018-19,2019-01-20,16:00,23,Fulham,Tottenham Hotspur,1,2,1,0,A,,,,
2018-19,2019-01-29,19:45,24,Fulham,Brighton & Hove Albion,4,2,0,2,H,,,,
2018-19,2019-01-29,,24,Arsenal,Cardiff City,2,1,0,0,H,,,,
2018-19,2019-01-29,,24,Huddersfield Town,Everton,0,1,0,1,A,,,,
2018-19,2019-01-29,,24,Wolverhampton Wanderers,West Ham United,3,0,0,0,H,,,,
2018-19,2019-01-29,20:00,24,Manchester United,Burnley,2,2,0,0,D,,,,
2018-19,2019-01-29,,24,Newcastle United,Manchester City,2,1,0,1,H,,,,
2018-19,2019-01-30,19:45,24,Southampton,Crystal Palace,1,1,0,1,D,,,,
2018-19,2019-01-30,20:00,24,Liverpool,Leicester City,1,1,1,1,D,,,,
2018-19,2019-01-30,,24,Tottenham Hotspur,Watford,2,1,0,1,H,,,,
2018-19,2019-01-30,19:45,24,Bournemouth,Chelsea,4,0,0,0,H,,,,
2018-19,2019-02-02,12:30,25,Tottenham Hotspur,Newcastle United,1,0,0,0,H,,,,
2018-19,2019-02-02,15:00,25,Crystal Palace,Fulham,2,0,1,0,H,,,,
2018-19,2019-02-02,,25,Burnley,Southampton,1,1,0,0,D,,,,
2018-19,2019-02-02,,25,Chelsea,Huddersfield Town,5,0,2,0,H,,,,
2018-19,2019-02-02,,25,Brighton & Hove Albion,Watford,0,0,,,D,,,,
2018-19,2019-02-02,,25,Everton,Wolverhampton Wanderers,1,3,1,2,A,,,,
2018-19,2019-02-02,17:30,25,Cardiff City,Bournemouth,2,0,1,0,H,,,,
2018-19,2019-02-03,16:30,25,Manchester City,Arsenal,3,1,2,1,H,,,,
2018-19,2019-02-03,14:05,25,Leicester City,Manchester United,0,1,0,1,A,,,,
2018-19,2019-02-04,20:00,25,West Ham United,Liverpool,1,1,1,1,D,,,,
2018-19,2019-02-06,19:45,27,Everton,Manchester City,0,2,0,1,A,,,,
2018-19,2019-02-09,15:00,26,Huddersfield Town,Arsenal,1,2,0,2,A,,,,
2018-19,2019-02-09,,26,Liverpool,Bournemouth,3,0,2,0,H,,,,
2018-19,2019-02-09,12:30,26,Fulham,Manchester United,0,3,0,2,A,,,,
2018-19,2019-02-09,15:00,26,Watford,Everton,1,0,0,0,H,,,,
2018-19,2019-02-09,,26,Crystal Palace,West Ham United,1,1,0,1,D,,,,
2018-19,2019-02-09,17:30,26,Brighton & Hove Albion,Burnley,1,3,0,1,A,,,,
2018-19,2019-02-09,15:00,26,Southampton,Cardiff City,1,2,0,0,A,,,,
2018-19,2019-02-10,16:00,26,Manchester City,Chelsea,6,0,4,0,H,,,,
2018-19,2019-02-10,13:30,26,Tottenham Hotspur,Leicester City,3,1,1,0,H,,,,
2018-19,2019-02-11,20:00,26,Wolverhampton Wanderers,Newcastle United,1,1,0,0,D,,,,
2018-19,2019-02-22,19:45,27,Cardiff City,Watford,1,5,0,1,A,,,,
2018-19,2019-02-22,,27,West Ham United,Fulham,3,1,2,1,H,,,,
2018-19,2019-02-23,15:00,27,Newcastle United,Huddersfield Town,2,0,0,0,H,,,,
2018-19,2019-02-23,,27,Bournemouth,Wolverhampton Wanderers,1,1,1,0,D,,,,
2018-19,2019-02-23,17:30,27,Leicester City,Crystal Palace,1,4,0,1,A,,,,
2018-19,2019-02-23,12:30,27,Burnley,Tottenham Hotspur,2,1,0,0,H,,,,
2018-19,2019-02-24,14:05,27,Manchester United,Liverpool,0,0,,,D,,,,
2018-19,2019-02-24,,27,Arsenal,Southampton,2,0,2,0,H,,,,
2018-19,2019-02-26,19:45,28,Leicester City,Brighton & Hove Albion,2,1,1,0,H,,,,
2018-19,2019-02-26,,28,Cardiff City,Everton,0,3,0,1,A,,,,
2018-19,2019-02-26,,28,Huddersfield Town,Wolverhampton Wanderers,1,0,0,0,H,,,,
2018-19,2019-02-26,20:00,28,Newcastle United,Burnley,2,0,2,0,H,,,,
2018-19,2019-02-27,20:00,28,Liverpool,Watford,5,0,2,0,H,,,,
2018-19,2019-02-27,19:45,28,Arsenal,Bournemouth,5,1,2,1,H,,,,
2018-19,2019-02-27,,28,Southampton,Fulham,2,0,2,0,H,,,,
2018-19,2019-02-27,20:00,28,Crystal Palace,Manchester United,1,3,0,1,A,,,,
2018-19,2019-02-27,,28,Chelsea,Tottenham Hotspur,2,0,0,0,H,,,,
2018-19,2019-02-27,,28,Manchester City,West Ham United,1,0,0,0,H,,,,
2018-19,2019-03-02,17:30,29,West Ham United,Newcastle United,2,0,2,0,H,,,,
2018-19,2019-03-02,12:30,29,Tottenham Hotspur,Arsenal,1,1,0,1,D,,,,
2018-19,2019-03-02,15:00,29,Wolverhampton Wanderers,Cardiff City,2,0,2,0,H,,,,
2018-19,2019-03-02,,29,Burnley,Crystal Palace,1,3,0,1,A,,,,
2018-19,2019-03-02,,29,Brighton & Hove Albion,Huddersfield Town,1,0,0,0,H,,,,
2018-19,2019-03-02,,29,Bournemouth,Manchester City,0,1,0,0,A,,,,
2018-19,2019-03-02,,29,Manchester United,Southampton,3,2,0,1,H,,,,
2018-19,2019-03-03,16:15,29,Everton,Liverpool,0,0,,,D,,,,
2018-19,2019-03-03,12:00,29,Watford,Leicester City,2,1,1,0,H,,,,
2018-19,2019-03-03,14:05,29,Fulham,Chelsea,1,2,1,2,A,,,,
2018-19,2019-03-09,17:30,30,Manchester City,Watford,3,1,0,0,H,,,,
2018-19,2019-03-09,12:30,30,Crystal Palace,Brighton & Hove Albion,1,2,0,1,A,,,,
2018-19,2019-03-09,15:00,30,Huddersfield Town,Bournemouth,0,2,0,1,A,,,,
2018-19,2019-03-09,,30,Leicester City,Fulham,3,1,1,0,H,,,,
2018-19,2019-03-09,,30,Cardiff City,West Ham United,2,0,1,0,H,,,,
2018-19,2019-03-09,,30,Newcastle United,Everton,3,2,0,2,H,,,,
2018-19,2019-03-09,,30,Southampton,Tottenham Hotspur,2,1,0,1,H,,,,
2018-19,2019-03-10,12:00,30,Liverpool,Burnley,4,2,2,1,H,,,,
2018-19,2019-03-10,14:05,30,Chelsea,Wolverhampton Wanderers,1,1,0,0,D,,,,
2018-19,2019-03-10,16:30,30,Arsenal,Manchester United,2,0,1,0,H,,,,
2018-19,2019-03-16,15:00,31,Bournemouth,Newcastle United,2,2,0,1,D,,,,
2018-19,2019-03-16,,31,West Ham United,Huddersfield Town,4,3,1,2,H,,,,
2018-19,2019-03-16,,31,Burnley,Leicester City,1,2,1,1,A,,,,
2018-19,2019-03-17,16:30,31,Everton,Chelsea,2,0,0,0,H,,,,
2018-19,2019-03-17,14:15,31,Fulham,Liverpool,1,2,0,1,A,,,,
2018-19,2019-03-30,12:30,32,Fulham,Manchester City,0,2,0,2,A,,,,
2018-19,2019-03-30,17:30,32,West Ham United,Everton,0,2,0,2,A,,,,
2018-19,2019-03-30,15:00,32,Burnley,Wolverhampton Wanderers,2,0,1,0,H,,,,
2018-19,2019-03-30,,32,Manchester United,Watford,2,1,1,0,H,,,,
2018-19,2019-03-30,,32,Brighton & Hove Albion,Southampton,0,1,0,0,A,,,,
2018-19,2019-03-30,,32,Crystal Palace,Huddersfield Town,2,0,0,0,H,,,,
2018-19,2019-03-30,,32,Leicester City,Bournemouth,2,0,1,0,H,,,,
2018-19,2019-03-31,14:05,32,Cardiff City,Chelsea,1,2,0,0,A,,,,
2018-19,2019-03-31,16:30,32,Liverpool,Tottenham Hotspur,2,1,1,0,H,,,,
2018-19,2019-04-01,20:00,32,Arsenal,Newcastle United,2,0,1,0,H,,,,
2018-19,2019-04-02,19:45,33,Wolverhampton Wanderers,Manchester United,2,1,1,1,H,,,,
2018-19,2019-04-02,,33,Watford,Fulham,4,1,1,1,H,,,,
2018-19,2019-04-03,19:45,31,Tottenham Hotspur,Crystal Palace,2,0,0,0,H,,,,
2018-19,2019-04-03,19:45,33,Manchester City,Cardiff City,2,0,2,0,H,,,,
2018-19,2019-04-03,19:45,27,Chelsea,Brighton & Hove Albion,3,0,1,0,H,,,,
2018-19,2019-04-05,20:00,33,Southampton,Liverpool,1,3,1,1,A,,,,
2018-19,2019-04-06,15:00,33,Bournemouth,Burnley,1,3,1,2,A,,,,
2018-19,2019-04-06,,33,Huddersfield Town,Leicester City,1,4,0,1,A,,,,
2018-19,2019-04-06,,33,Newcastle United,Crystal Palace,0,1,0,0,A,,,,
2018-19,2019-04-07,14:05,33,Everton,Arsenal,1,0,1,0,H,,,,
2018-19,2019-04-08,20:00,33,Chelsea,West Ham United,2,0,1,0,H,,,,
2018-19,2019-04-12,20:00,34,Leicester City,Newcastle United,0,1,0,1,A,,,,
2018-19,2019-04-13,15:00,34,Southampton,Wolverhampton Wanderers,3,1,2,1,H,,,,
2018-19,2019-04-13,,34,Fulham,Everton,2,0,0,0,H,,,,
2018-19,2019-04-13,,34,Brighton & Hove Albion,Bournemouth,0,5,0,1,A,,,,
2018-19,2019-04-13,,34,Burnley,Cardiff City,2,0,1,0,H,,,,
2018-19,2019-04-13,17:30,34,Manchester United,West Ham United,2,1,1,0,H,,,,
2018-19,2019-04-13,12:30,34,Tottenham Hotspur,Huddersfield Town,4,0,2,0,H,,,,
2018-19,2019-04-14,16:30,34,Liverpool,Chelsea,2,0,0,0,H,,,,
2018-19,2019-04-14,14:05,34,Crystal Palace,Manchester City,1,3,0,1,A,,,,
2018-19,2019-04-15,20:00,34,Watford,Arsenal,0,1,0,1,A,,,,
2018-19,2019-04-16,19:45,31,Brighton & Hove Albion,Cardiff City,0,2,0,1,A,,,,
2018-19,2019-04-20,15:00,35,West Ham United,Leicester City,2,2,1,0,D,,,,
2018-19,2019-04-20,,35,Wolverhampton Wanderers,Brighton & Hove Albion,0,0,,,D,,,,
2018-19,2019-04-20,17:30,35,Newcastle United,Southampton,3,1,2,0,H,,,,
2018-19,2019-04-20,15:00,35,Bournemouth,Fulham,0,1,0,0,A,,,,
2018-19,2019-04-20,12:30,35,Manchester City,Tottenham Hotspur,1,0,1,0,H,,,,
2018-19,2019-04-20,15:00,35,Huddersfield Town,Watford,1,2,0,1,A,,,,
2018-19,2019-04-21,13:30,35,Everton,Manchester United,4,0,2,0,H,,,,
2018-19,2019-04-21,16:00,35,Cardiff City,Liverpool,0,2,0,0,A,,,,
2018-19,2019-04-21,,35,Arsenal,Crystal Palace,2,3,0,1,A,,,,
2018-19,2019-04-22,20:00,35,Chelsea,Burnley,2,2,2,2,D,,,,
2018-19,2019-04-23,19:45,31,Watford,Southampton,1,1,0,1,D,,,,
2018-19,2019-04-23,19:45,33,Tottenham Hotspur,Brighton & Hove Albion,1,0,0,0,H,,,,
2018-19,2019-04-24,20:00,31,Manchester United,Manchester City,0,2,0,0,A,,,,
2018-19,2019-04-24,19:45,31,Wolverhampton Wanderers,Arsenal,3,1,3,0,H,,,,
2018-19,2019-04-26,20:00,36,Liverpool,Huddersfield Town,5,0,3,0,H,,,,
2018-19,2019-04-27,12:30,36,Tottenham Hotspur,West Ham United,0,1,0,0,A,,,,
2018-19,2019-04-27,15:00,36,Crystal Palace,Everton,0,0,,,D,,,,
2018-19,2019-04-27,,36,Fulham,Cardiff City,1,0,0,0,H,,,,
2018-19,2019-04-27,,36,Southampton,Bournemouth,3,3,1,2,D,,,,
2018-19,2019-04-27,,36,Watford,Wolverhampton Wanderers,1,2,0,1,A,,,,
2018-19,2019-04-27,17:30,36,Brighton & Hove Albion,Newcastle United,1,1,0,1,D,,,,
2018-19,2019-04-28,14:05,36,Burnley,Manchester City,0,1,0,0,A,,,,
2018-19,2019-04-28,16:30,36,Manchester United,Chelsea,1,1,1,1,D,,,,
2018-19,2019-04-28,12:00,36,Leicester City,Arsenal,3,0,0,0,H,,,,
2018-19,2019-05-03,20:00,37,Everton,Burnley,2,0,2,0,H,,,,
2018-19,2019-05-04,12:30,37,Bournemouth,Tottenham Hotspur,1,0,0,0,H,,,,
2018-19,2019-05-04,15:00,37,West Ham United,Southampton,3,0,1,0,H,,,,
2018-19,2019-05-04,,37,Wolverhampton Wanderers,Fulham,1,0,0,0,H,,,,
2018-19,2019-05-04,17:30,37,Cardiff City,Crystal Palace,2,3,1,2,A,,,,
2018-19,2019-05-04,19:45,37,Newcastle United,Liverpool,2,3,1,2,A,,,,
2018-19,2019-05-05,14:00,37,Chelsea,Watford,3,0,0,0,H,,,,
2018-19,2019-05-05,,37,Huddersfield Town,Manchester United,1,1,0,1,D,,,,
2018-19,2019-05-05,16:30,37,Arsenal,Brighton & Hove Albion,1,1,1,0,D,,,,
2018-19,2019-05-06,20:00,37,Manchester City,Leicester City,1,0,0,0,H,,,,
2018-19,2019-05-12,15:00,38,Brighton & Hove Albion,Manchester City,1,4,1,2,A,,,,
2018-19,2019-05-12,,38,Burnley,Arsenal,1,3,0,0,A,,,,
2018-19,2019-05-12,,38,Crystal Palace,Bournemouth,5,3,3,1,H,,,,
2018-19,2019-05-12,,38,Fulham,Newcastle United,0,4,0,2,A,,,,
2018-19,2019-05-12,,38,Leicester City,Chelsea,0,0,,,D,,,,
2018-19,2019-05-12,,38,Liverpool,Wolverhampton Wanderers,2,0,1,0,H,,,,
2018-19,2019-05-12,,38,Manchester United,Cardiff City,0,2,0,1,A,,,,
2018-19,2019-05-12,,38,Southampton,Huddersfield Town,1,1,1,0,D,,,,
2018-19,2019-05-12,,38,Tottenham Hotspur,Everton,2,2,1,0,D,,,,
2018-19,2019-05-12,,38,Watford,West Ham United,1,4,0,2,A,,,,
2019-20,2019-08-09,20:00,1,Liverpool,Norwich City,4,1,4,0,H,,,,
2019-20,2019-08-10,12:30,1,West Ham United,Manchester City,0,5,0,1,A,,,,
2019-20,2019-08-10,15:00,1,Bournemouth,Sheffield United,1,1,0,0,D,,,,
2019-20,2019-08-10,,1,Burnley,Southampton,3,0,0,0,H,,,,
2019-20,2019-08-10,,1,Crystal Palace,Everton,0,0,,,D,,,,
2019-20,2019-08-10,,1,Watford,Brighton & Hove Albion,0,3,0,1,A,,,,
2019-20,2019-08-10,17:30,1,Tottenham Hotspur,Aston Villa,3,1,0,1,H,,,,
2019-20,2019-08-11,14:00,1,Newcastle United,Arsenal,0,1,0,0,A,,,,
2019-20,2019-08-11,16:30,1,Manchester United,Chelsea,4,0,1,0,H,,,,
2019-20,2019-08-11,14:00,1,Leicester City,Wolverhampton Wanderers,0,0,,,D,,,,
2019-20,2019-08-17,12:30,2,Arsenal,Burnley,2,1,1,1,H,,,,
2019-20,2019-08-17,15:00,2,Aston Villa,Bournemouth,1,2,0,2,A,,,,
2019-20,2019-08-17,,2,Brighton & Hove Albion,West Ham United,1,1,0,0,D,,,,
2019-20,2019-08-17,,2,Everton,Watford,1,0,1,0,H,,,,
2019-20,2019-08-17,,2,Norwich City,Newcastle United,3,1,1,0,H,,,,
2019-20,2019-08-17,,2,Southampton,Liverpool,1,2,0,1,A,,,,
2019-20,2019-08-17,17:30,2,Manchester City,Tottenham Hotspur,2,2,2,1,D,,,,
2019-20,2019-08-18,16:30,2,Chelsea,Leicester City,1,1,1,0,D,,,,
2019-20,2019-08-18,14:00,2,Sheffield United,Crystal Palace,1,0,0,0,H,,,,
2019-20,2019-08-19,20:00,2,Wolverhampton Wanderers,Manchester United,1,1,0,1,D,,,,
2019-20,2019-08-23,20:00,3,Aston Villa,Everton,2,0,1,0,H,,,,
2019-20,2019-08-24,12:30,3,Norwich City,Chelsea,2,3,2,2,A,,,,
2019-20,2019-08-24,15:00,3,Brighton & Hove Albion,Southampton,0,2,0,0,A,,,,
2019-20,2019-08-24,,3,Manchester United,Crystal Palace,1,2,0,1,A,,,,
2019-20,2019-08-24,,3,Sheffield United,Leicester City,1,2,0,1,A,,,,
2019-20,2019-08-24,,3,Watford,West Ham United,1,3,1,1,A,,,,
2019-20,2019-08-24,17:30,3,Liverpool,Arsenal,3,1,1,0,H,,,,
2019-20,2019-08-25,16:30,3,Tottenham Hotspur,Newcastle United,0,1,0,1,A,,,,
2019-20,2019-08-25,,3,Wolverhampton Wanderers,Burnley,1,1,0,1,D,,,,
2019-20,2019-08-25,14:00,3,Bournemouth,Manchester City,1,3,1,2,A,,,,
2019-20,2019-08-31,12:30,4,Southampton,Manchester United,1,1,0,1,D,,,,
2019-20,2019-08-31,15:00,4,Chelsea,Sheffield United,2,2,2,0,D,,,,
2019-20,2019-08-31,,4,Crystal Palace,Aston Villa,1,0,0,0,H,,,,
2019-20,2019-08-31,,4,Leicester City,Bournemouth,3,1,2,1,H,,,,
2019-20,2019-08-31,,4,Manchester City,Brighton & Hove Albion,4,0,2,0,H,,,,
2019-20,2019-08-31,,4,Newcastle United,Watford,1,1,1,1,D,,,,
2019-20,2019-08-31,,4,West Ham United,Norwich City,2,0,1,0,H,,,,
2019-20,2019-08-31,17:30,4,Burnley,Liverpool,0,3,0,2,A,,,,
2019-20,2019-09-01,16:30,4,Arsenal,Tottenham Hotspur,2,2,1,2,D,,,,
2019-20,2019-09-01,14:00,4,Everton,Wolverhampton Wanderers,3,2,2,1,H,,,,
2019-20,2019-09-14,12:30,5,Liverpool,Newcastle United,3,1,2,1,H,,,,
2019-20,2019-09-14,15:00,5,Brighton & Hove Albion,Burnley,1,1,0,0,D,,,,
2019-20,2019-09-14,,5,Manchester United,Leicester City,1,0,1,0,H,,,,
2019-20,2019-09-14,,5,Sheffield United,Southampton,0,1,0,0,A,,,,
2019-20,2019-09-14,,5,Tottenham Hotspur,Crystal Palace,4,0,4,0,H,,,,
2019-20,2019-09-14,,5,Wolverhampton Wanderers,Chelsea,2,5,0,3,A,,,,
2019-20,2019-09-14,17:30,5,Norwich City,Manchester City,3,2,2,1,H,,,,
2019-20,2019-09-15,16:30,5,Watford,Arsenal,2,2,0,2,D,,,,
2019-20,2019-09-15,14:00,5,Bournemouth,Everton,3,1,1,1,H,,,,
2019-20,2019-09-16,20:00,5,Aston Villa,West Ham United,0,0,,,D,,,,
2019-20,2019-09-20,20:00,6,Southampton,Bournemouth,1,3,0,2,A,,,,
2019-20,2019-09-21,12:30,6,Leicester City,Tottenham Hotspur,2,1,0,1,H,,,,
2019-20,2019-09-21,15:00,6,Burnley,Norwich City,2,0,2,0,H,,,,
2019-20,2019-09-21,,6,Everton,Sheffield United,0,2,0,1,A,,,,
2019-20,2019-09-21,,6,Manchester City,Watford,8,0,5,0,H,,,,
2019-20,2019-09-21,17:30,6,Newcastle United,Brighton & Hove Albion,0,0,,,D,,,,
2019-20,2019-09-22,14:00,6,Crystal Palace,Wolverhampton Wanderers,1,1,0,0,D,,,,
2019-20,2019-09-22,,6,West Ham United,Manchester United,2,0,1,0,H,,,,
2019-20,2019-09-22,16:30,6,Arsenal,Aston Villa,3,2,0,1,H,,,,
2019-20,2019-09-22,,6,Chelsea,Liverpool,1,2,0,2,A,,,,
2019-20,2019-09-28,12:30,7,Sheffield United,Liverpool,0,1,0,0,A,,,,
2019-20,2019-09-28,15:00,7,Bournemouth,West Ham United,2,2,1,1,D,,,,
2019-20,2019-09-28,,7,Aston Villa,Burnley,2,2,1,0,D,,,,
2019-20,2019-09-28,,7,Chelsea,Brighton & Hove Albion,2,0,0,0,H,,,,
2019-20,2019-09-28,,7,Crystal Palace,Norwich City,2,0,1,0,H,,,,
2019-20,2019-09-28,,7,Tottenham Hotspur,Southampton,2,1,2,1,H,,,,
2019-20,2019-09-28,,7,Wolverhampton Wanderers,Watford,2,0,1,0,H,,,,
2019-20,2019-09-28,17:30,7,Everton,Manchester City,1,3,1,1,A,,,,
2019-20,2019-09-29,16:30,7,Leicester City,Newcastle United,5,0,1,0,H,,,,
2019-20,2019-09-30,20:00,7,Manchester United,Arsenal,1,1,1,0,D,,,,
2019-20,2019-10-05,12:30,8,Brighton & Hove Albion,Tottenham Hotspur,3,0,2,0,H,,,,
2019-20,2019-10-05,15:00,8,Burnley,Everton,1,0,0,0,H,,,,
2019-20,2019-10-05,,8,Liverpool,Leicester City,2,1,1,0,H,,,,
2019-20,2019-10-05,,8,Norwich City,Aston Villa,1,5,0,2,A,,,,
2019-20,2019-10-05,,8,Watford,Sheffield United,0,0,,,D,,,,
2019-20,2019-10-05,17:30,8,West Ham United,Crystal Palace,1,2,0,0,A,,,,
2019-20,2019-10-06,14:00,8,Manchester City,Wolverhampton Wanderers,0,2,0,0,A,,,,
2019-20,2019-10-06,,8,Southampton,Chelsea,1,4,1,3,A,,,,
2019-20,2019-10-06,16:30,8,Newcastle United,Manchester United,1,0,0,0,H,,,,
2019-20,2019-10-06,14:00,8,Arsenal,Bournemouth,1,0,1,0,H,,,,
2019-20,2019-10-19,12:30,9,Everton,West Ham United,2,0,1,0,H,,,,
2019-20,2019-10-19,15:00,9,Bournemouth,Norwich City,0,0,,,D,,,,
2019-20,2019-10-19,,9,Aston Villa,Brighton & Hove Albion,2,1,1,1,H,,,,
2019-20,2019-10-19,,9,Chelsea,Newcastle United,1,0,0,0,H,,,,
2019-20,2019-10-19,,9,Leicester City,Burnley,2,1,1,1,H,,,,
2019-20,2019-10-19,,9,Tottenham Hotspur,Watford,1,1,0,1,D,,,,
2019-20,2019-10-19,,9,Wolverhampton Wanderers,Southampton,1,1,0,0,D,,,,
2019-20,2019-10-19,17:30,9,Crystal Palace,Manchester City,0,2,0,2,A,,,,
2019-20,2019-10-20,16:30,9,Manchester United,Liverpool,1,1,1,0,D,,,,
2019-20,2019-10-21,20:00,9,Sheffield United,Arsenal,1,0,1,0,H,,,,
2019-20,2019-10-25,20:00,10,Southampton,Leicester City,0,9,0,5,A,,,,
2019-20,2019-10-26,12:30,10,Manchester City,Aston Villa,3,0,0,0,H,,,,
2019-20,2019-10-26,15:00,10,Brighton & Hove Albion,Everton,3,2,1,1,H,,,,
2019-20,2019-10-26,,10,Watford,Bournemouth,0,0,,,D,,,,
2019-20,2019-10-26,,10,West Ham United,Sheffield United,1,1,1,0,D,,,,
2019-20,2019-10-26,17:30,10,Burnley,Chelsea,2,4,0,2,A,,,,
2019-20,2019-10-27,16:30,10,Arsenal,Crystal Palace,2,2,2,1,D,,,,
2019-20,2019-10-27,,10,Liverpool,Tottenham Hotspur,2,1,0,1,H,,,,
2019-20,2019-10-27,,10,Norwich City,Manchester United,1,3,0,2,A,,,,
2019-20,2019-10-27,14:00,10,Newcastle United,Wolverhampton Wanderers,1,1,1,0,D,,,,
2019-20,2019-11-02,12:30,11,Bournemouth,Manchester United,1,0,1,0,H,,,,
2019-20,2019-11-02,15:00,11,Arsenal,Wolverhampton Wanderers,1,1,1,0,D,,,,
2019-20,2019-11-02,,11,Aston Villa,Liverpool,1,2,1,0,A,,,,
2019-20,2019-11-02,,11,Brighton & Hove Albion,Norwich City,2,0,0,0,H,,,,
2019-20,2019-11-02,,11,Manchester City,Southampton,2,1,0,1,H,,,,
2019-20,2019-11-02,,11,Sheffield United,Burnley,3,0,3,0,H,,,,
2019-20,2019-11-02,,11,West Ham United,Newcastle United,2,3,0,2,A,,,,
2019-20,2019-11-02,17:30,11,Watford,Chelsea,1,2,0,1,A,,,,
2019-20,2019-11-03,16:30,11,Everton,Tottenham Hotspur,1,1,0,0,D,,,,
2019-20,2019-11-03,14:00,11,Crystal Palace,Leicester City,0,2,0,0,A,,,,
2019-20,2019-11-08,20:00,12,Norwich City,Watford,0,2,0,1,A,,,,
2019-20,2019-11-09,12:30,12,Chelsea,Crystal Palace,2,0,0,0,H,,,,
2019-20,2019-11-09,15:00,12,Burnley,West Ham United,3,0,2,0,H,,,,
2019-20,2019-11-09,,12,Newcastle United,Bournemouth,2,1,1,1,H,,,,
2019-20,2019-11-09,,12,Southampton,Everton,1,2,0,1,A,,,,
2019-20,2019-11-09,,12,Tottenham Hotspur,Sheffield United,1,1,0,0,D,,,,
2019-20,2019-11-09,17:30,12,Leicester City,Arsenal,2,0,0,0,H,,,,
2019-20,2019-11-10,14:00,12,Manchester United,Brighton & Hove Albion,3,1,2,0,H,,,,
2019-20,2019-11-10,,12,Wolverhampton Wanderers,Aston Villa,2,1,1,0,H,,,,
2019-20,2019-11-10,16:30,12,Liverpool,Manchester City,3,1,2,0,H,,,,
2019-20,2019-11-23,12:30,13,West Ham United,Tottenham Hotspur,2,3,0,2,A,,,,
2019-20,2019-11-23,15:00,13,Bournemouth,Wolverhampton Wanderers,1,2,0,2,A,,,,
2019-20,2019-11-23,,13,Arsenal,Southampton,2,2,1,1,D,,,,
2019-20,2019-11-23,,13,Brighton & Hove Albion,Leicester City,0,2,0,0,A,,,,
2019-20,2019-11-23,,13,Crystal Palace,Liverpool,1,2,0,0,A,,,,
2019-20,2019-11-23,,13,Everton,Norwich City,0,2,0,0,A,,,,
2019-20,2019-11-23,,13,Watford,Burnley,0,3,0,0,A,,,,
2019-20,2019-11-23,17:30,13,Manchester City,Chelsea,2,1,2,1,H,,,,
2019-20,2019-11-24,16:30,13,Sheffield United,Manchester United,3,3,1,0,D,,,,
2019-20,2019-11-25,20:00,13,Aston Villa,Newcastle United,2,0,2,0,H,,,,
2019-20,2019-11-30,12:30,14,Newcastle United,Manchester City,2,2,1,1,D,,,,
2019-20,2019-11-30,15:00,14,Burnley,Crystal Palace,0,2,0,1,A,,,,
2019-20,2019-11-30,,14,Chelsea,West Ham United,0,1,0,0,A,,,,
2019-20,2019-11-30,,14,Liverpool,Brighton & Hove Albion,2,1,2,0,H,,,,
2019-20,2019-11-30,,14,Tottenham Hotspur,Bournemouth,3,2,1,0,H,,,,
2019-20,2019-11-30,17:30,14,Southampton,Watford,2,1,0,1,H,,,,
2019-20,2019-12-01,14:00,14,Wolverhampton Wanderers,Sheffield United,1,1,0,1,D,,,,
2019-20,2019-12-01,16:30,14,Leicester City,Everton,2,1,0,1,H,,,,
2019-20,2019-12-01,,14,Manchester United,Aston Villa,2,2,1,1,D,,,,
2019-20,2019-12-01,14:00,14,Norwich City,Arsenal,2,2,2,1,D,,,,
2019-20,2019-12-03,20:15,15,Burnley,Manchester City,1,4,0,1,A,,,,
2019-20,2019-12-03,19:30,15,Crystal Palace,Bournemouth,1,0,0,0,H,,,,
2019-20,2019-12-04,19:30,15,Leicester City,Watford,2,0,0,0,H,,,,
2019-20,2019-12-04,,15,Wolverhampton Wanderers,West Ham United,2,0,1,0,H,,,,
2019-20,2019-12-04,,15,Manchester United,Tottenham Hotspur,2,1,1,1,H,,,,
2019-20,2019-12-04,,15,Chelsea,Aston Villa,2,1,1,1,H,,,,
2019-20,2019-12-04,,15,Southampton,Norwich City,2,1,2,0,H,,,,
2019-20,2019-12-04,20:15,15,Liverpool,Everton,5,2,4,2,H,,,,
2019-20,2019-12-05,20:15,15,Arsenal,Brighton & Hove Albion,1,2,0,1,A,,,,
2019-20,2019-12-05,19:30,15,Sheffield United,Newcastle United,0,2,0,1,A,,,,
2019-20,2019-12-07,15:00,16,Bournemouth,Liverpool,0,3,0,2,A,,,,
2019-20,2019-12-07,,16,Tottenham Hotspur,Burnley,5,0,3,0,H,,,,
2019-20,2019-12-07,,16,Watford,Crystal Palace,0,0,,,D,,,,
2019-20,2019-12-07,17:30,16,Manchester City,Manchester United,1,2,0,2,A,,,,
2019-20,2019-12-07,12:30,16,Everton,Chelsea,3,1,1,0,H,,,,
2019-20,2019-12-08,14:00,16,Aston Villa,Leicester City,1,4,1,2,A,,,,
2019-20,2019-12-08,,16,Newcastle United,Southampton,2,1,0,0,H,,,,
2019-20,2019-12-08,,16,Norwich City,Sheffield United,1,2,1,0,A,,,,
2019-20,2019-12-08,16:30,16,Brighton & Hove Albion,Wolverhampton Wanderers,2,2,2,2,D,,,,
2019-20,2019-12-09,20:00,16,West Ham United,Arsenal,1,3,1,0,A,,,,
2019-20,2019-12-14,12:30,17,Liverpool,Watford,2,0,1,0,H,,,,
2019-20,2019-12-14,15:00,17,Burnley,Newcastle United,1,0,0,0,H,,,,
2019-20,2019-12-14,,17,Chelsea,Bournemouth,0,1,0,0,A,,,,
2019-20,2019-12-14,,17,Leicester City,Norwich City,1,1,1,1,D,,,,
2019-20,2019-12-14,,17,Sheffield United,Aston Villa,2,0,0,0,H,,,,
2019-20,2019-12-14,17:30,17,Southampton,West Ham United,0,1,0,1,A,,,,
2019-20,2019-12-15,14:00,17,Wolverhampton Wanderers,Tottenham Hotspur,1,2,0,1,A,,,,
2019-20,2019-12-15,16:30,17,Arsenal,Manchester City,0,3,0,3,A,,,,
2019-20,2019-12-15,14:00,17,Manchester United,Everton,1,1,0,1,D,,,,
2019-20,2019-12-16,19:45,17,Crystal Palace,Brighton & Hove Albion,1,1,0,0,D,,,,
2019-20,2019-12-21,12:30,18,Everton,Arsenal,0,0,,,D,,,,
2019-20,2019-12-21,15:00,18,Bournemouth,Burnley,0,1,0,0,A,,,,
2019-20,2019-12-21,,18,Aston Villa,Southampton,1,3,0,2,A,,,,
2019-20,2019-12-21,,18,Brighton & Hove Albion,Sheffield United,0,1,0,1,A,,,,
2019-20,2019-12-21,,18,Newcastle United,Crystal Palace,1,0,0,0,H,,,,
2019-20,2019-12-21,,18,Norwich City,Wolverhampton Wanderers,1,2,1,0,A,,,,
2019-20,2019-12-21,17:30,18,Manchester City,Leicester City,3,1,2,1,H,,,,
2019-20,2019-12-22,16:30,18,Tottenham Hotspur,Chelsea,0,2,0,2,A,,,,
2019-20,2019-12-22,14:00,18,Watford,Manchester United,2,0,0,0,H,,,,
2019-20,2019-12-26,20:00,19,Leicester City,Liverpool,0,4,0,1,A,,,,
2019-20,2019-12-26,12:30,19,Tottenham Hotspur,Brighton & Hove Albion,2,1,0,1,H,,,,
2019-20,2019-12-26,15:00,19,Bournemouth,Arsenal,1,1,1,0,D,,,,
2019-20,2019-12-26,,19,Aston Villa,Norwich City,1,0,0,0,H,,,,
2019-20,2019-12-26,,19,Chelsea,Southampton,0,2,0,1,A,,,,
2019-20,2019-12-26,,19,Crystal Palace,West Ham United,2,1,0,0,H,,,,
2019-20,2019-12-26,,19,Everton,Burnley,1,0,0,0,H,,,,
2019-20,2019-12-26,,19,Sheffield United,Watford,1,1,1,1,D,,,,
2019-20,2019-12-26,17:30,19,Manchester United,Newcastle United,4,1,3,1,H,,,,
2019-20,2019-12-27,19:45,19,Wolverhampton Wanderers,Manchester City,3,2,0,1,H,,,,
2019-20,2019-12-28,19:45,20,Burnley,Manchester United,0,2,0,1,A,,,,
2019-20,2019-12-28,12:30,20,Brighton & Hove Albion,Bournemouth,2,0,1,0,H,,,,
2019-20,2019-12-28,15:00,20,Newcastle United,Everton,1,2,0,1,A,,,,
2019-20,2019-12-28,,20,Southampton,Crystal Palace,1,1,0,0,D,,,,
2019-20,2019-12-28,,20,Watford,Aston Villa,3,0,1,0,H,,,,
2019-20,2019-12-28,17:30,20,Norwich City,Tottenham Hotspur,2,2,1,0,D,,,,
2019-20,2019-12-28,,20,West Ham United,Leicester City,1,2,1,1,A,,,,
2019-20,2019-12-29,14:00,20,Arsenal,Chelsea,1,2,1,0,A,,,,
2019-20,2019-12-29,16:30,20,Liverpool,Wolverhampton Wanderers,1,0,1,0,H,,,,
2019-20,2019-12-29,18:00,20,Manchester City,Sheffield United,2,0,0,0,H,,,,
2019-20,2020-01-01,17:30,21,Norwich City,Crystal Palace,1,1,1,0,D,,,,
2019-20,2020-01-01,12:30,21,Brighton & Hove Albion,Chelsea,1,1,0,1,D,,,,
2019-20,2020-01-01,,21,Burnley,Aston Villa,1,2,0,2,A,,,,
2019-20,2020-01-01,15:00,21,Newcastle United,Leicester City,0,3,0,2,A,,,,
2019-20,2020-01-01,,21,Southampton,Tottenham Hotspur,1,0,1,0,H,,,,
2019-20,2020-01-01,,21,Watford,Wolverhampton Wanderers,2,1,1,0,H,,,,
2019-20,2020-01-01,17:30,21,Manchester City,Everton,2,1,0,0,H,,,,
2019-20,2020-01-01,20:00,21,Arsenal,Manchester United,2,0,2,0,H,,,,
2019-20,2020-01-01,17:30,21,West Ham United,Bournemouth,4,0,3,0,H,,,,
2019-20,2020-01-02,20:00,21,Liverpool,Sheffield United,2,0,1,0,H,,,,
2019-20,2020-01-10,20:00,22,Sheffield United,West Ham United,1,0,0,0,H,,,,
2019-20,2020-01-11,17:30,22,Tottenham Hotspur,Liverpool,0,1,0,1,A,,,,
2019-20,2020-01-11,12:30,22,Crystal Palace,Arsenal,1,1,0,1,D,,,,
2019-20,2020-01-11,15:00,22,Chelsea,Burnley,3,0,2,0,H,,,,
2019-20,2020-01-11,,22,Everton,Brighton & Hove Albion,1,0,1,0,H,,,,
2019-20,2020-01-11,,22,Leicester City,Southampton,1,2,1,1,A,,,,
2019-20,2020-01-11,,22,Manchester United,Norwich City,4,0,1,0,H,,,,
2019-20,2020-01-11,,22,Wolverhampton Wanderers,Newcastle United,1,1,1,1,D,,,,
2019-20,2020-01-12,14:00,22,Bournemouth,Watford,0,3,0,1,A,,,,
2019-20,2020-01-12,16:30,22,Aston Villa,Manchester City,1,6,0,4,A,,,,
2019-20,2020-01-18,12:30,23,Watford,Tottenham Hotspur,0,0,,,D,,,,
2019-20,2020-01-18,15:00,23,Arsenal,Sheffield United,1,1,1,0,D,,,,
2019-20,2020-01-18,,23,Brighton & Hove Albion,Aston Villa,1,1,1,0,D,,,,
2019-20,2020-01-18,,23,Manchester City,Crystal Palace,2,2,0,1,D,,,,
2019-20,2020-01-18,,23,Norwich City,Bournemouth,1,0,1,0,H,,,,
2019-20,2020-01-18,,23,Southampton,Wolverhampton Wanderers,2,3,2,0,A,,,,
2019-20,2020-01-18,,23,West Ham United,Everton,1,1,1,1,D,,,,
2019-20,2020-01-18,17:30,23,Newcastle United,Chelsea,1,0,0,0,H,,,,
2019-20,2020-01-19,16:30,23,Liverpool,Manchester United,2,0,1,0,H,,,,
2019-20,2020-01-19,14:00,23,Burnley,Leicester City,2,1,0,1,H,,,,
2019-20,2020-01-21,19:30,24,Bournemouth,Brighton & Hove Albion,3,1,2,0,H,,,,
2019-20,2020-01-21,,24,Aston Villa,Watford,2,1,0,1,H,,,,
2019-20,2020-01-21,,24,Everton,Newcastle United,2,2,1,0,D,,,,
2019-20,2020-01-21,,24,Sheffield United,Manchester City,0,1,0,0,A,,,,
2019-20,2020-01-21,,24,Crystal Palace,Southampton,0,2,0,1,A,,,,
2019-20,2020-01-21,20:15,24,Chelsea,Arsenal,2,2,1,0,D,,,,
2019-20,2020-01-22,20:15,24,Manchester United,Burnley,0,2,0,1,A,,,,
2019-20,2020-01-22,19:30,24,Leicester City,West Ham United,4,1,2,0,H,,,,
2019-20,2020-01-22,,24,Tottenham Hotspur,Norwich City,2,1,1,0,H,,,,
2019-20,2020-01-23,20:00,24,Wolverhampton Wanderers,Liverpool,1,2,0,1,A,,,,
2019-20,2020-01-29,19:45,18,West Ham United,Liverpool,0,2,0,1,A,,,,
2019-20,2020-02-01,12:30,25,Leicester City,Chelsea,2,2,0,0,D,,,,
2019-20,2020-02-01,15:00,25,Bournemouth,Aston Villa,2,1,2,0,H,,,,
2019-20,2020-02-01,,25,Crystal Palace,Sheffield United,0,1,0,0,A,,,,
2019-20,2020-02-01,,25,Liverpool,Southampton,4,0,0,0,H,,,,
2019-20,2020-02-01,,25,Newcastle United,Norwich City,0,0,,,D,,,,
2019-20,2020-02-01,,25,Watford,Everton,2,3,2,2,A,,,,
2019-20,2020-02-01,,25,West Ham United,Brighton & Hove Albion,3,3,2,0,D,,,,
2019-20,2020-02-01,17:30,25,Manchester United,Wolverhampton Wanderers,0,0,,,D,,,,
2019-20,2020-02-02,16:30,25,Tottenham Hotspur,Manchester City,2,0,0,0,H,,,,
2019-20,2020-02-02,14:00,25,Burnley,Arsenal,0,0,,,D,,,,
2019-20,2020-02-08,17:30,26,Brighton & Hove Albion,Watford,1,1,0,1,D,,,,
2019-20,2020-02-08,12:30,26,Everton,Crystal Palace,3,1,1,0,H,,,,
2019-20,2020-02-09,14:00,26,Sheffield United,Bournemouth,2,1,1,1,H,,,,
2019-20,2020-02-14,20:00,26,Wolverhampton Wanderers,Leicester City,0,0,,,D,,,,
2019-20,2020-02-15,17:30,26,Norwich City,Liverpool,0,1,0,0,A,,,,
2019-20,2020-02-15,12:30,26,Southampton,Burnley,1,2,1,1,A,,,,
2019-20,2020-02-16,14:00,26,Aston Villa,Tottenham Hotspur,2,3,1,2,A,,,,
2019-20,2020-02-16,16:30,26,Arsenal,Newcastle United,4,0,0,0,H,,,,
2019-20,2020-02-17,20:00,26,Chelsea,Manchester United,0,2,0,1,A,,,,
2019-20,2020-02-19,19:30,26,Manchester City,West Ham United,2,0,1,0,H,,,,
2019-20,2020-02-22,15:00,27,Burnley,Bournemouth,3,0,0,0,H,,,,
2019-20,2020-02-22,,27,Crystal Palace,Newcastle United,1,0,1,0,H,,,,
2019-20,2020-02-22,,27,Sheffield United,Brighton & Hove Albion,1,1,1,1,D,,,,
2019-20,2020-02-22,,27,Southampton,Aston Villa,2,0,1,0,H,,,,
2019-20,2020-02-22,17:30,27,Leicester City,Manchester City,0,1,0,0,A,,,,
2019-20,2020-02-22,12:30,27,Chelsea,Tottenham Hotspur,2,1,1,0,H,,,,
2019-20,2020-02-23,14:00,27,Manchester United,Watford,3,0,1,0,H,,,,
2019-20,2020-02-23,,27,Wolverhampton Wanderers,Norwich City,3,0,2,0,H,,,,
2019-20,2020-02-23,16:30,27,Arsenal,Everton,3,2,2,2,H,,,,
2019-20,2020-02-24,20:00,27,Liverpool,West Ham United,3,2,1,1,H,,,,
2019-20,2020-02-28,20:00,28,Norwich City,Leicester City,1,0,0,0,H,,,,
2019-20,2020-02-29,12:30,28,Brighton & Hove Albion,Crystal Palace,0,1,0,0,A,,,,
2019-20,2020-02-29,15:00,28,Bournemouth,Chelsea,2,2,0,1,D,,,,
2019-20,2020-02-29,,28,Newcastle United,Burnley,0,0,,,D,,,,
2019-20,2020-02-29,,28,West Ham United,Southampton,3,1,2,1,H,,,,
2019-20,2020-02-29,17:30,28,Watford,Liverpool,3,0,0,0,H,,,,
2019-20,2020-03-01,14:00,28,Tottenham Hotspur,Wolverhampton Wanderers,2,3,2,1,A,,,,
2019-20,2020-03-01,,28,Everton,Manchester United,1,1,1,1,D,,,,
2019-20,2020-03-07,17:30,29,Burnley,Tottenham Hotspur,1,1,1,0,D,,,,
2019-20,2020-03-07,15:00,29,Wolverhampton Wanderers,Brighton & Hove Albion,0,0,,,D,,,,
2019-20,2020-03-07,12:30,29,Liverpool,Bournemouth,2,1,2,1,H,,,,
2019-20,2020-03-07,15:00,29,Arsenal,West Ham United,1,0,0,0,H,,,,
2019-20,2020-03-07,,29,Crystal Palace,Watford,1,0,1,0,H,,,,
2019-20,2020-03-07,,29,Sheffield United,Norwich City,1,0,1,0,H,,,,
2019-20,2020-03-07,,29,Southampton,Newcastle United,0,1,0,0,A,,,,
2019-20,2020-03-08,16:30,29,Manchester United,Manchester City,2,0,1,0,H,,,,
2019-20,2020-03-08,14:00,29,Chelsea,Everton,4,0,2,0,H,,,,
2019-20,2020-03-09,20:00,29,Leicester City,Aston Villa,4,0,1,0,H,,,,
2019-20,2020-06-17,18:00,28,Aston Villa,Sheffield United,0,0,,,D,,,,
2019-20,2020-06-17,20:15,28,Manchester City,Arsenal,3,0,1,0,H,,,,
2019-20,2020-06-19,18:00,30,Norwich City,Southampton,0,3,0,0,A,,,,
2019-20,2020-06-19,20:15,30,Tottenham Hotspur,Manchester United,1,1,1,0,D,,,,
2019-20,2020-06-20,15:00,30,Brighton & Hove Albion,Arsenal,2,1,0,0,H,,,,
2019-20,2020-06-20,17:30,30,West Ham United,Wolverhampton Wanderers,0,2,0,0,A,,,,
2019-20,2020-06-20,19:45,30,Bournemouth,Crystal Palace,0,2,0,2,A,,,,
2019-20,2020-06-20,12:30,30,Watford,Leicester City,1,1,0,0,D,,,,
2019-20,2020-06-21,14:00,30,Newcastle United,Sheffield United,3,0,0,0,H,,,,
2019-20,2020-06-21,16:15,30,Aston Villa,Chelsea,1,2,1,0,A,,,,
2019-20,2020-06-21,19:00,30,Everton,Liverpool,0,0,,,D,,,,
2019-20,2020-06-22,20:00,30,Manchester City,Burnley,5,0,3,0,H,,,,
2019-20,2020-06-23,20:15,31,Tottenham Hotspur,West Ham United,2,0,0,0,H,,,,
2019-20,2020-06-23,18:00,31,Leicester City,Brighton & Hove Albion,0,0,,,D,,,,
2019-20,2020-06-24,18:00,31,Manchester United,Sheffield United,3,0,2,0,H,,,,
2019-20,2020-06-24,,31,Newcastle United,Aston Villa,1,1,0,0,D,,,,
2019-20,2020-06-24,,31,Norwich City,Everton,0,1,0,0,A,,,,
2019-20,2020-06-24,,31,Wolverhampton Wanderers,Bournemouth,1,0,0,0,H,,,,
2019-20,2020-06-24,20:15,31,Liverpool,Crystal Palace,4,0,2,0,H,,,,
2019-20,2020-06-25,18:00,31,Southampton,Arsenal,0,2,0,1,A,,,,
2019-20,2020-06-25,20:15,31,Chelsea,Manchester City,2,1,1,0,H,,,,
2019-20,2020-06-25,18:00,31,Burnley,Watford,1,0,0,0,H,,,,
2019-20,2020-06-27,12:30,32,Aston Villa,Wolverhampton Wanderers,0,1,0,0,A,,,,
2019-20,2020-06-28,16:30,32,Watford,Southampton,1,3,0,1,A,,,,
2019-20,2020-06-29,20:00,32,Crystal Palace,Burnley,0,1,0,0,A,,,,
2019-20,2020-06-30,20:15,32,Brighton & Hove Albion,Manchester United,0,3,0,2,A,,,,
2019-20,2020-07-01,18:00,32,Bournemouth,Newcastle United,1,4,0,2,A,,,,
2019-20,2020-07-01,,32,Arsenal,Norwich City,4,0,2,0,H,,,,
2019-20,2020-07-01,,32,Everton,Leicester City,2,1,2,0,H,,,,
2019-20,2020-07-01,20:15,32,West Ham United,Chelsea,3,2,1,1,H,,,,
2019-20,2020-07-02,20:15,32,Manchester City,Liverpool,4,0,3,0,H,,,,
2019-20,2020-07-02,18:00,32,Sheffield United,Tottenham Hotspur,3,1,1,0,H,,,,
2019-20,2020-07-04,12:30,33,Norwich City,Brighton & Hove Albion,0,1,0,1,A,,,,
2019-20,2020-07-04,15:00,33,Leicester City,Crystal Palace,3,0,0,0,H,,,,
2019-20,2020-07-04,,33,Manchester United,Bournemouth,5,2,3,1,H,,,,
2019-20,2020-07-04,17:30,33,Wolverhampton Wanderers,Arsenal,0,2,0,1,A,,,,
2019-20,2020-07-04,20:00,33,Chelsea,Watford,3,0,2,0,H,,,,
2019-20,2020-07-05,14:15,33,Newcastle United,West Ham United,2,2,1,1,D,,,,
2019-20,2020-07-05,16:30,33,Liverpool,Aston Villa,2,0,0,0,H,,,,
2019-20,2020-07-05,19:00,33,Southampton,Manchester City,1,0,1,0,H,,,,
2019-20,2020-07-05,12:00,33,Burnley,Sheffield United,1,1,1,0,D,,,,
2019-20,2020-07-06,20:00,33,Tottenham Hotspur,Everton,1,0,1,0,H,,,,
2019-20,2020-07-07,18:00,34,Watford,Norwich City,2,1,1,1,H,,,,
2019-20,2020-07-07,20:15,34,Arsenal,Leicester City,1,1,1,0,D,,,,
2019-20,2020-07-07,18:00,34,Crystal Palace,Chelsea,2,3,1,2,A,,,,
2019-20,2020-07-08,18:00,34,Manchester City,Newcastle United,5,0,2,0,H,,,,
2019-20,2020-07-08,,34,Sheffield United,Wolverhampton Wanderers,1,0,0,0,H,,,,
2019-20,2020-07-08,,34,West Ham United,Burnley,0,1,0,1,A,,,,
2019-20,2020-07-08,20:15,34,Brighton & Hove Albion,Liverpool,1,3,1,2,A,,,,
2019-20,2020-07-09,18:00,34,Everton,Southampton,1,1,1,1,D,,,,
2019-20,2020-07-09,20:15,34,Aston Villa,Manchester United,0,3,0,2,A,,,,
2019-20,2020-07-09,18:00,34,Bournemouth,Tottenham Hotspur,0,0,,,D,,,,
2019-20,2020-07-11,12:30,35,Watford,Newcastle United,2,1,0,1,H,,,,
2019-20,2020-07-11,15:00,35,Liverpool,Burnley,1,1,1,0,D,,,,
2019-20,2020-07-11,17:30,35,Sheffield United,Chelsea,3,0,2,0,H,,,,
2019-20,2020-07-11,20:00,35,Brighton & Hove Albion,Manchester City,0,5,0,2,A,,,,
2019-20,2020-07-11,12:30,35,Norwich City,West Ham United,0,4,0,2,A,,,,
2019-20,2020-07-12,12:00,35,Wolverhampton Wanderers,Everton,3,0,1,0,H,,,,
2019-20,2020-07-12,14:15,35,Aston Villa,Crystal Palace,2,0,1,0,H,,,,
2019-20,2020-07-12,16:30,35,Tottenham Hotspur,Arsenal,2,1,1,1,H,,,,
2019-20,2020-07-12,19:00,35,Bournemouth,Leicester City,4,1,0,1,H,,,,
2019-20,2020-07-13,20:00,35,Manchester United,Southampton,2,2,2,1,D,,,,
2019-20,2020-07-14,20:15,36,Chelsea,Norwich City,1,0,1,0,H,,,,
2019-20,2020-07-15,18:00,36,Manchester City,Bournemouth,2,1,2,0,H,,,,
2019-20,2020-07-15,,36,Newcastle United,Tottenham Hotspur,1,3,0,1,A,,,,
2019-20,2020-07-15,20:15,36,Arsenal,Liverpool,2,1,2,1,H,,,,
2019-20,2020-07-15,18:00,36,Burnley,Wolverhampton Wanderers,1,1,0,0,D,,,,
2019-20,2020-07-16,18:00,36,Everton,Aston Villa,1,1,0,0,D,,,,
2019-20,2020-07-16,,36,Leicester City,Sheffield United,2,0,1,0,H,,,,
2019-20,2020-07-16,20:15,36,Crystal Palace,Manchester United,0,2,0,1,A,,,,
2019-20,2020-07-16,,36,Southampton,Brighton & Hove Albion,1,1,0,1,D,,,,
2019-20,2020-07-17,20:00,36,West Ham United,Watford,3,1,3,0,H,,,,
2019-20,2020-07-18,17:30,37,Norwich City,Burnley,0,2,0,1,A,,,,
2019-20,2020-07-19,16:00,37,Tottenham Hotspur,Leicester City,3,0,3,0,H,,,,
2019-20,2020-07-19,14:00,37,Bournemouth,Southampton,0,2,0,1,A,,,,
2019-20,2020-07-20,18:00,37,Brighton & Hove Albion,Newcastle United,0,0,,,D,,,,
2019-20,2020-07-20,,37,Sheffield United,Everton,0,1,0,0,A,,,,
2019-20,2020-07-20,20:15,37,Wolverhampton Wanderers,Crystal Palace,2,0,1,0,H,,,,
2019-20,2020-07-21,20:15,37,Aston Villa,Arsenal,1,0,1,0,H,,,,
2019-20,2020-07-21,18:00,37,Watford,Manchester City,0,4,0,2,A,,,,
2019-20,2020-07-22,18:00,37,Manchester United,West Ham United,1,1,0,1,D,,,,
2019-20,2020-07-22,20:15,37,Liverpool,Chelsea,5,3,3,1,H,,,,
2019-20,2020-07-26,16:00,38,Arsenal,Watford,3,2,3,1,H,,,,
2019-20,2020-07-26,,38,Burnley,Brighton & Hove Albion,1,2,1,1,A,,,,
2019-20,2020-07-26,,38,Chelsea,Wolverhampton Wanderers,2,0,2,0,H,,,,
2019-20,2020-07-26,,38,Crystal Palace,Tottenham Hotspur,1,1,0,1,D,,,,
2019-20,2020-07-26,,38,Everton,Bournemouth,1,3,1,2,A,,,,
2019-20,2020-07-26,,38,Leicester City,Manchester United,0,2,0,0,A,,,,
2019-20,2020-07-26,,38,Manchester City,Norwich City,5,0,2,0,H,,,,
2019-20,2020-07-26,,38,Newcastle United,Liverpool,1,3,1,1,A,,,,
2019-20,2020-07-26,,38,Southampton,Sheffield United,3,1,0,1,H,,,,
2019-20,2020-07-26,,38,West Ham United,Aston Villa,1,1,0,0,D,,,,
2020-21,2020-09-12,12:30,1,Fulham,Arsenal,0,3,0,1,A,,,,
2020-21,2020-09-12,15:00,1,Crystal Palace,Southampton,1,0,1,0,H,,,,
2020-21,2020-09-12,17:30,1,Liverpool,Leeds United,4,3,3,2,H,,,,
2020-21,2020-09-12,20:00,1,West Ham United,Newcastle United,0,2,0,0,A,,,,
2020-21,2020-09-13,14:00,1,West Bromwich Albion,Leicester City,0,3,0,0,A,,,,
2020-21,2020-09-13,16:30,1,Tottenham Hotspur,Everton,0,1,0,0,A,,,,
2020-21,2020-09-14,18:00,1,Sheffield United,Wolverhampton Wanderers,0,2,0,2,A,,,,
2020-21,2020-09-14,20:15,1,Brighton & Hove Albion,Chelsea,1,3,0,1,A,,,,
2020-21,2020-09-19,12:30,2,Everton,West Bromwich Albion,5,2,2,1,H,,,,
2020-21,2020-09-19,15:00,2,Leeds United,Fulham,4,3,2,1,H,,,,
2020-21,2020-09-19,17:30,2,Manchester United,Crystal Palace,1,3,0,1,A,,,,
2020-21,2020-09-19,20:00,2,Arsenal,West Ham United,2,1,1,1,H,,,,
2020-21,2020-09-20,12:00,2,Southampton,Tottenham Hotspur,2,5,1,1,A,,,,
2020-21,2020-09-20,14:00,2,Newcastle United,Brighton & Hove Albion,0,3,0,2,A,,,,
2020-21,2020-09-20,16:30,2,Chelsea,Liverpool,0,2,0,0,A,,,,
2020-21,2020-09-20,19:00,2,Leicester City,Burnley,4,2,1,1,H,,,,
2020-21,2020-09-21,18:00,2,Aston Villa,Sheffield United,1,0,0,0,H,,,,
2020-21,2020-09-21,20:15,2,Wolverhampton Wanderers,Manchester City,1,3,0,2,A,,,,
2020-21,2020-09-26,12:30,3,Brighton & Hove Albion,Manchester United,2,3,1,1,A,,,,
2020-21,2020-09-26,15:00,3,Crystal Palace,Everton,1,2,1,2,A,,,,
2020-21,2020-09-26,17:30,3,West Bromwich Albion,Chelsea,3,3,3,0,D,,,,
2020-21,2020-09-26,20:00,3,Burnley,Southampton,0,1,0,1,A,,,,
2020-21,2020-09-27,12:00,3,Sheffield United,Leeds United,0,1,0,0,A,,,,
2020-21,2020-09-27,14:00,3,Tottenham Hotspur,Newcastle United,1,1,1,0,D,,,,
2020-21,2020-09-27,16:30,3,Manchester City,Leicester City,2,5,1,1,A,,,,
2020-21,2020-09-27,19:00,3,West Ham United,Wolverhampton Wanderers,4,0,1,0,H,,,,
2020-21,2020-09-28,17:45,3,Fulham,Aston Villa,0,3,0,2,A,,,,
2020-21,2020-09-28,20:00,3,Liverpool,Arsenal,3,1,2,1,H,,,,
2020-21,2020-10-03,12:30,4,Chelsea,Crystal Palace,4,0,0,0,H,,,,
2020-21,2020-10-03,15:00,4,Everton,Brighton & Hove Albion,4,2,2,1,H,,,,
2020-21,2020-10-03,17:30,4,Leeds United,Manchester City,1,1,0,1,D,,,,
2020-21,2020-10-03,20:00,4,Newcastle United,Burnley,3,1,1,0,H,,,,
2020-21,2020-10-04,12:00,4,Leicester City,West Ham United,0,3,0,2,A,,,,
2020-21,2020-10-04,,4,Southampton,West Bromwich Albion,2,0,1,0,H,,,,
2020-21,2020-10-04,14:00,4,Wolverhampton Wanderers,Fulham,1,0,0,0,H,,,,
2020-21,2020-10-04,,4,Arsenal,Sheffield United,2,1,0,0,H,,,,
2020-21,2020-10-04,16:30,4,Manchester United,Tottenham Hotspur,1,6,1,4,A,,,,
2020-21,2020-10-04,19:15,4,Aston Villa,Liverpool,7,2,4,1,H,,,,
2020-21,2020-10-17,12:30,5,Everton,Liverpool,2,2,1,1,D,,,,
2020-21,2020-10-17,15:00,5,Chelsea,Southampton,3,3,2,1,D,,,,
2020-21,2020-10-17,17:30,5,Manchester City,Arsenal,1,0,1,0,H,,,,
2020-21,2020-10-17,20:00,5,Newcastle United,Manchester United,1,4,1,1,A,,,,
2020-21,2020-10-18,12:00,5,Sheffield United,Fulham,1,1,0,0,D,,,,
2020-21,2020-10-18,14:00,5,Crystal Palace,Brighton & Hove Albion,1,1,1,0,D,,,,
2020-21,2020-10-18,16:30,5,Tottenham Hotspur,West Ham United,3,3,3,0,D,,,,
2020-21,2020-10-18,19:15,5,Leicester City,Aston Villa,0,1,0,0,A,,,,
2020-21,2020-10-19,17:30,5,West Bromwich Albion,Burnley,0,0,,,D,,,,
2020-21,2020-10-19,20:00,5,Leeds United,Wolverhampton Wanderers,0,1,0,0,A,,,,
2020-21,2020-10-23,20:00,6,Aston Villa,Leeds United,0,3,0,0,A,,,,
2020-21,2020-10-24,12:30,6,West Ham United,Manchester City,1,1,1,0,D,,,,
2020-21,2020-10-24,15:00,6,Fulham,Crystal Palace,1,2,0,1,A,,,,
2020-21,2020-10-24,17:30,6,Manchester United,Chelsea,0,0,,,D,,,,
2020-21,2020-10-24,20:00,6,Liverpool,Sheffield United,2,1,1,1,H,,,,
2020-21,2020-10-25,14:00,6,Southampton,Everton,2,0,2,0,H,,,,
2020-21,2020-10-25,16:30,6,Wolverhampton Wanderers,Newcastle United,1,1,0,0,D,,,,
2020-21,2020-10-25,19:15,6,Arsenal,Leicester City,0,1,0,0,A,,,,
2020-21,2020-10-26,17:30,6,Brighton & Hove Albion,West Bromwich Albion,1,1,1,0,D,,,,
2020-21,2020-10-26,20:00,6,Burnley,Tottenham Hotspur,0,1,0,0,A,,,,
2020-21,2020-10-30,20:00,7,Wolverhampton Wanderers,Crystal Palace,2,0,2,0,H,,,,
2020-21,2020-10-31,12:30,7,Sheffield United,Manchester City,0,1,0,1,A,,,,
2020-21,2020-10-31,15:00,7,Burnley,Chelsea,0,3,0,1,A,,,,
2020-21,2020-10-31,17:30,7,Liverpool,West Ham United,2,1,1,1,H,,,,
2020-21,2020-11-01,12:00,7,Aston Villa,Southampton,3,4,0,3,A,,,,
2020-21,2020-11-01,14:00,7,Newcastle United,Everton,2,1,0,0,H,,,,
2020-21,2020-11-01,16:30,7,Manchester United,Arsenal,0,1,0,0,A,,,,
2020-21,2020-11-01,19:15,7,Tottenham Hotspur,Brighton & Hove Albion,2,1,1,0,H,,,,
2020-21,2020-11-02,17:30,7,Fulham,West Bromwich Albion,2,0,2,0,H,,,,
2020-21,2020-11-02,20:00,7,Leeds United,Leicester City,1,4,0,2,A,,,,
2020-21,2020-11-06,17:30,8,Brighton & Hove Albion,Burnley,0,0,,,D,,,,
2020-21,2020-11-06,20:00,8,Southampton,Newcastle United,2,0,1,0,H,,,,
2020-21,2020-11-07,12:30,8,Everton,Manchester United,1,3,1,2,A,,,,
2020-21,2020-11-07,15:00,8,Crystal Palace,Leeds United,4,1,3,1,H,,,,
2020-21,2020-11-07,17:30,8,Chelsea,Sheffield United,4,1,2,1,H,,,,
2020-21,2020-11-07,20:00,8,West Ham United,Fulham,1,0,0,0,H,,,,
2020-21,2020-11-08,12:00,8,West Bromwich Albion,Tottenham Hotspur,0,1,0,0,A,,,,
2020-21,2020-11-08,14:00,8,Leicester City,Wolverhampton Wanderers,1,0,1,0,H,,,,
2020-21,2020-11-08,16:30,8,Manchester City,Liverpool,1,1,1,1,D,,,,
2020-21,2020-11-08,19:15,8,Arsenal,Aston Villa,0,3,0,1,A,,,,
2020-21,2020-11-21,12:30,9,Newcastle United,Chelsea,0,2,0,1,A,,,,
2020-21,2020-11-21,15:00,9,Aston Villa,Brighton & Hove Albion,1,2,0,1,A,,,,
2020-21,2020-11-21,17:30,9,Tottenham Hotspur,Manchester City,2,0,1,0,H,,,,
2020-21,2020-11-21,20:00,9,Manchester United,West Bromwich Albion,1,0,0,0,H,,,,
2020-21,2020-11-22,12:00,9,Fulham,Everton,2,3,1,3,A,,,,
2020-21,2020-11-22,14:00,9,Sheffield United,West Ham United,0,1,0,0,A,,,,
2020-21,2020-11-22,16:30,9,Leeds United,Arsenal,0,0,,,D,,,,
2020-21,2020-11-22,19:15,9,Liverpool,Leicester City,3,0,2,0,H,,,,
2020-21,2020-11-23,17:30,9,Burnley,Crystal Palace,1,0,1,0,H,,,,
2020-21,2020-11-23,20:00,9,Wolverhampton Wanderers,Southampton,1,1,0,0,D,,,,
2020-21,2020-11-27,20:00,10,Crystal Palace,Newcastle United,0,2,0,0,A,,,,
2020-21,2020-11-28,12:30,10,Brighton & Hove Albion,Liverpool,1,1,0,0,D,,,,
2020-21,2020-11-28,15:00,10,Manchester City,Burnley,5,0,3,0,H,,,,
2020-21,2020-11-28,17:30,10,Everton,Leeds United,0,1,0,0,A,,,,
2020-21,2020-11-28,20:00,10,West Bromwich Albion,Sheffield United,1,0,1,0,H,,,,
2020-21,2020-11-29,14:00,10,Southampton,Manchester United,2,3,2,0,A,,,,
2020-21,2020-11-29,16:30,10,Chelsea,Tottenham Hotspur,0,0,,,D,,,,
2020-21,2020-11-29,19:15,10,Arsenal,Wolverhampton Wanderers,1,2,1,2,A,,,,
2020-21,2020-11-30,17:30,10,Leicester City,Fulham,1,2,0,2,A,,,,
2020-21,2020-11-30,20:00,10,West Ham United,Aston Villa,2,1,1,1,H,,,,
2020-21,2020-12-05,12:30,11,Burnley,Everton,1,1,1,1,D,,,,
2020-21,2020-12-05,15:00,11,Manchester City,Fulham,2,0,2,0,H,,,,
2020-21,2020-12-05,17:30,11,West Ham United,Manchester United,1,3,1,0,A,,,,
2020-21,2020-12-05,20:00,11,Chelsea,Leeds United,3,1,1,1,H,,,,
2020-21,2020-12-06,12:00,11,West Bromwich Albion,Crystal Palace,1,5,1,1,A,,,,
2020-21,2020-12-06,14:15,11,Sheffield United,Leicester City,1,2,1,1,A,,,,
2020-21,2020-12-06,16:30,11,Tottenham Hotspur,Arsenal,2,0,2,0,H,,,,
2020-21,2020-12-06,19:15,11,Liverpool,Wolverhampton Wanderers,4,0,1,0,H,,,,
2020-21,2020-12-07,20:00,11,Brighton & Hove Albion,Southampton,1,2,1,1,A,,,,
2020-21,2020-12-11,20:00,12,Leeds United,West Ham United,1,2,1,1,A,,,,
2020-21,2020-12-12,12:30,12,Wolverhampton Wanderers,Aston Villa,0,1,0,0,A,,,,
2020-21,2020-12-12,15:00,12,Newcastle United,West Bromwich Albion,2,1,1,0,H,,,,
2020-21,2020-12-12,17:30,12,Manchester United,Manchester City,0,0,,,D,,,,
2020-21,2020-12-12,20:00,12,Everton,Chelsea,1,0,1,0,H,,,,
2020-21,2020-12-13,12:00,12,Southampton,Sheffield United,3,0,1,0,H,,,,
2020-21,2020-12-13,14:15,12,Crystal Palace,Tottenham Hotspur,1,1,0,1,D,,,,
2020-21,2020-12-13,16:30,12,Fulham,Liverpool,1,1,1,0,D,,,,
2020-21,2020-12-13,19:15,12,Leicester City,Brighton & Hove Albion,3,0,3,0,H,,,,
2020-21,2020-12-13,,12,Arsenal,Burnley,0,1,0,0,A,,,,
2020-21,2020-12-15,18:00,13,Wolverhampton Wanderers,Chelsea,2,1,0,0,H,,,,
2020-21,2020-12-15,20:00,13,Manchester City,West Bromwich Albion,1,1,1,1,D,,,,
2020-21,2020-12-16,18:00,13,Arsenal,Southampton,1,1,0,1,D,,,,
2020-21,2020-12-16,,13,Leicester City,Everton,0,2,0,1,A,,,,
2020-21,2020-12-16,,13,Leeds United,Newcastle United,5,2,1,1,H,,,,
2020-21,2020-12-16,20:00,13,Fulham,Brighton & Hove Albion,0,0,,,D,,,,
2020-21,2020-12-16,,13,West Ham United,Crystal Palace,1,1,0,1,D,,,,
2020-21,2020-12-16,,13,Liverpool,Tottenham Hotspur,2,1,1,1,H,,,,
2020-21,2020-12-17,18:00,13,Aston Villa,Burnley,0,0,,,D,,,,
2020-21,2020-12-17,20:00,13,Sheffield United,Manchester United,2,3,1,2,A,,,,
2020-21,2020-12-19,12:30,14,Crystal Palace,Liverpool,0,7,0,3,A,,,,
2020-21,2020-12-19,15:00,14,Southampton,Manchester City,0,1,0,1,A,,,,
2020-21,2020-12-19,17:30,14,Everton,Arsenal,2,1,2,1,H,,,,
2020-21,2020-12-19,20:00,14,Newcastle United,Fulham,1,1,0,1,D,,,,
2020-21,2020-12-20,12:00,14,Brighton & Hove Albion,Sheffield United,1,1,0,0,D,,,,
2020-21,2020-12-20,14:15,14,Tottenham Hotspur,Leicester City,0,2,0,1,A,,,,
2020-21,2020-12-20,16:30,14,Manchester United,Leeds United,6,2,4,1,H,,,,
2020-21,2020-12-20,19:15,14,West Bromwich Albion,Aston Villa,0,3,0,1,A,,,,
2020-21,2020-12-21,17:30,14,Burnley,Wolverhampton Wanderers,2,1,1,0,H,,,,
2020-21,2020-12-21,20:00,14,Chelsea,West Ham United,3,0,1,0,H,,,,
2020-21,2020-12-26,12:30,15,Leicester City,Manchester United,2,2,1,1,D,,,,
2020-21,2020-12-26,15:00,15,Fulham,Southampton,0,0,,,D,,,,
2020-21,2020-12-26,,15,Aston Villa,Crystal Palace,3,0,1,0,H,,,,
2020-21,2020-12-26,17:30,15,Arsenal,Chelsea,3,1,2,0,H,,,,
2020-21,2020-12-26,20:00,15,Manchester City,Newcastle United,2,0,1,0,H,,,,
2020-21,2020-12-26,,15,Sheffield United,Everton,0,1,0,0,A,,,,
2020-21,2020-12-27,12:00,15,Leeds United,Burnley,1,0,1,0,H,,,,
2020-21,2020-12-27,14:15,15,West Ham United,Brighton & Hove Albion,2,2,0,1,D,,,,
2020-21,2020-12-27,16:30,15,Liverpool,West Bromwich Albion,1,1,1,0,D,,,,
2020-21,2020-12-27,19:15,15,Wolverhampton Wanderers,Tottenham Hotspur,1,1,0,1,D,,,,
2020-21,2020-12-28,15:00,16,Crystal Palace,Leicester City,1,1,0,0,D,,,,
2020-21,2020-12-28,17:30,16,Chelsea,Aston Villa,1,1,1,0,D,,,,
2020-21,2020-12-29,18:00,16,West Bromwich Albion,Leeds United,0,5,0,4,A,,,,
2020-21,2020-12-29,,16,Burnley,Sheffield United,1,0,1,0,H,,,,
2020-21,2020-12-29,,16,Southampton,West Ham United,0,0,,,D,,,,
2020-21,2020-12-29,,16,Brighton & Hove Albion,Arsenal,0,1,0,0,A,,,,
2020-21,2020-12-29,20:00,16,Manchester United,Wolverhampton Wanderers,1,0,0,0,H,,,,
2020-21,2020-12-30,20:00,16,Newcastle United,Liverpool,0,0,,,D,,,,
2020-21,2021-01-01,17:30,17,Everton,West Ham United,0,1,0,0,A,,,,
2020-21,2021-01-01,20:00,17,Manchester United,Aston Villa,2,1,1,0,H,,,,
2020-21,2021-01-02,12:30,17,Tottenham Hotspur,Leeds United,3,0,2,0,H,,,,
2020-21,2021-01-02,15:00,17,Crystal Palace,Sheffield United,2,0,2,0,H,,,,
2020-21,2021-01-02,17:30,17,Brighton & Hove Albion,Wolverhampton Wanderers,3,3,1,3,D,,,,
2020-21,2021-01-02,20:00,17,West Bromwich Albion,Arsenal,0,4,0,2,A,,,,
2020-21,2021-01-03,14:15,17,Newcastle United,Leicester City,1,2,0,0,A,,,,
2020-21,2021-01-03,16:30,17,Chelsea,Manchester City,1,3,0,3,A,,,,
2020-21,2021-01-04,20:00,17,Southampton,Liverpool,1,0,1,0,H,,,,
2020-21,2021-01-12,18:00,18,Sheffield United,Newcastle United,1,0,0,0,H,,,,
2020-21,2021-01-12,20:15,18,Wolverhampton Wanderers,Everton,1,2,1,1,A,,,,
2020-21,2021-01-12,20:15,1,Burnley,Manchester United,0,1,0,0,A,,,,
2020-21,2021-01-13,18:00,18,Manchester City,Brighton & Hove Albion,1,0,1,0,H,,,,
2020-21,2021-01-13,20:15,16,Tottenham Hotspur,Fulham,1,1,1,0,D,,,,
2020-21,2021-01-14,20:00,18,Arsenal,Crystal Palace,0,0,,,D,,,,
2020-21,2021-01-16,12:30,19,Wolverhampton Wanderers,West Bromwich Albion,2,3,2,1,A,,,,
2020-21,2021-01-16,15:00,19,West Ham United,Burnley,1,0,1,0,H,,,,
2020-21,2021-01-16,,19,Leeds United,Brighton & Hove Albion,0,1,0,1,A,,,,
2020-21,2021-01-16,17:30,19,Fulham,Chelsea,0,1,0,0,A,,,,
2020-21,2021-01-16,20:00,19,Leicester City,Southampton,2,0,1,0,H,,,,
2020-21,2021-01-17,14:00,19,Sheffield United,Tottenham Hotspur,1,3,0,2,A,,,,
2020-21,2021-01-17,16:30,19,Liverpool,Manchester United,0,0,,,D,,,,
2020-21,2021-01-17,19:15,19,Manchester City,Crystal Palace,4,0,1,0,H,,,,
2020-21,2021-01-18,20:00,19,Arsenal,Newcastle United,3,0,0,0,H,,,,
2020-21,2021-01-19,18:00,18,West Ham United,West Bromwich Albion,2,1,1,0,H,,,,
2020-21,2021-01-19,20:15,18,Leicester City,Chelsea,2,0,2,0,H,,,,
2020-21,2021-01-20,18:00,1,Manchester City,Aston Villa,2,0,0,0,H,,,,
2020-21,2021-01-20,20:15,18,Fulham,Manchester United,1,2,1,1,A,,,,
2020-21,2021-01-21,20:00,18,Liverpool,Burnley,0,1,0,0,A,,,,
2020-21,2021-01-23,20:00,11,Aston Villa,Newcastle United,2,0,2,0,H,,,,
2020-21,2021-01-26,18:00,20,Newcastle United,Leeds United,1,2,0,1,A,,,,
2020-21,2021-01-26,,20,Crystal Palace,West Ham United,2,3,1,2,A,,,,
2020-21,2021-01-26,20:15,20,West Bromwich Albion,Manchester City,0,5,0,4,A,,,,
2020-21,2021-01-26,,20,Southampton,Arsenal,1,3,1,2,A,,,,
2020-21,2021-01-27,18:00,20,Burnley,Aston Villa,3,2,0,1,H,,,,
2020-21,2021-01-27,,20,Chelsea,Wolverhampton Wanderers,0,0,,,D,,,,
2020-21,2021-01-27,19:30,20,Brighton & Hove Albion,Fulham,0,0,,,D,,,,
2020-21,2021-01-27,20:15,20,Everton,Leicester City,1,1,1,0,D,,,,
2020-21,2021-01-27,,20,Manchester United,Sheffield United,1,2,0,1,A,,,,
2020-21,2021-01-28,20:00,20,Tottenham Hotspur,Liverpool,1,3,0,1,A,,,,
2020-21,2021-01-30,12:30,21,Everton,Newcastle United,0,2,0,0,A,,,,
2020-21,2021-01-30,15:00,21,Manchester City,Sheffield United,1,0,1,0,H,,,,
2020-21,2021-01-30,,21,West Bromwich Albion,Fulham,2,2,0,1,D,,,,
2020-21,2021-01-30,,21,Crystal Palace,Wolverhampton Wanderers,1,0,0,0,H,,,,
2020-21,2021-01-30,17:30,21,Arsenal,Manchester United,0,0,,,D,,,,
2020-21,2021-01-30,20:00,21,Southampton,Aston Villa,0,1,0,1,A,,,,
2020-21,2021-01-31,12:00,21,Chelsea,Burnley,2,0,1,0,H,,,,
2020-21,2021-01-31,14:00,21,Leicester City,Leeds United,1,3,1,1,A,,,,
2020-21,2021-01-31,16:30,21,West Ham United,Liverpool,1,3,0,0,A,,,,
2020-21,2021-01-31,19:15,21,Brighton & Hove Albion,Tottenham Hotspur,1,0,1,0,H,,,,
2020-21,2021-02-02,18:00,22,Wolverhampton Wanderers,Arsenal,2,1,1,1,H,,,,
2020-21,2021-02-02,,22,Sheffield United,West Bromwich Albion,2,1,0,1,H,,,,
2020-21,2021-02-02,20:15,22,Manchester United,Southampton,9,0,4,0,H,,,,
2020-21,2021-02-02,,22,Newcastle United,Crystal Palace,1,2,1,2,A,,,,
2020-21,2021-02-03,18:00,22,Fulham,Leicester City,0,2,0,2,A,,,,
2020-21,2021-02-03,,22,Burnley,Manchester City,0,2,0,2,A,,,,
2020-21,2021-02-03,19:30,22,Leeds United,Everton,1,2,0,2,A,,,,
2020-21,2021-02-03,20:15,22,Aston Villa,West Ham United,1,3,0,0,A,,,,
2020-21,2021-02-03,,22,Liverpool,Brighton & Hove Albion,0,1,0,0,A,,,,
2020-21,2021-02-04,20:00,22,Tottenham Hotspur,Chelsea,0,1,0,1,A,,,,
2020-21,2021-02-06,12:30,23,Aston Villa,Arsenal,1,0,1,0,H,,,,
2020-21,2021-02-06,15:00,23,Newcastle United,Southampton,3,2,3,1,H,,,,
2020-21,2021-02-06,,23,Burnley,Brighton & Hove Albion,1,1,0,1,D,,,,
2020-21,2021-02-06,17:30,23,Fulham,West Ham United,0,0,,,D,,,,
2020-21,2021-02-06,20:00,23,Manchester United,Everton,3,3,2,0,D,,,,
2020-21,2021-02-07,12:00,23,Tottenham Hotspur,West Bromwich Albion,2,0,0,0,H,,,,
2020-21,2021-02-07,14:00,23,Wolverhampton Wanderers,Leicester City,0,0,,,D,,,,
2020-21,2021-02-07,16:30,23,Liverpool,Manchester City,1,4,0,0,A,,,,
2020-21,2021-02-07,19:15,23,Sheffield United,Chelsea,1,2,0,1,A,,,,
2020-21,2021-02-08,20:00,23,Leeds United,Crystal Palace,2,0,1,0,H,,,,
2020-21,2021-02-13,12:30,24,Leicester City,Liverpool,3,1,0,0,H,,,,
2020-21,2021-02-13,15:00,24,Crystal Palace,Burnley,0,3,0,2,A,,,,
2020-21,2021-02-13,17:30,24,Manchester City,Tottenham Hotspur,3,0,1,0,H,,,,
2020-21,2021-02-13,20:00,24,Brighton & Hove Albion,Aston Villa,0,0,,,D,,,,
2020-21,2021-02-14,12:00,24,Southampton,Wolverhampton Wanderers,1,2,1,0,A,,,,
2020-21,2021-02-14,14:00,24,West Bromwich Albion,Manchester United,1,1,1,1,D,,,,
2020-21,2021-02-14,16:30,24,Arsenal,Leeds United,4,2,3,0,H,,,,
2020-21,2021-02-14,19:00,24,Everton,Fulham,0,2,0,0,A,,,,
2020-21,2021-02-15,18:00,24,West Ham United,Sheffield United,3,0,1,0,H,,,,
2020-21,2021-02-15,20:00,24,Chelsea,Newcastle United,2,0,2,0,H,,,,
2020-21,2021-02-17,18:00,17,Burnley,Fulham,1,1,0,0,D,,,,
2020-21,2021-02-17,20:15,16,Everton,Manchester City,1,3,1,1,A,,,,
2020-21,2021-02-19,20:00,25,Wolverhampton Wanderers,Leeds United,1,0,0,0,H,,,,
2020-21,2021-02-20,12:30,25,Southampton,Chelsea,1,1,1,0,D,,,,
2020-21,2021-02-20,15:00,25,Burnley,West Bromwich Albion,0,0,,,D,,,,
2020-21,2021-02-20,17:30,25,Liverpool,Everton,0,2,0,1,A,,,,
2020-21,2021-02-20,20:00,25,Fulham,Sheffield United,1,0,0,0,H,,,,
2020-21,2021-02-21,12:00,25,West Ham United,Tottenham Hotspur,2,1,1,0,H,,,,
2020-21,2021-02-21,14:05,25,Aston Villa,Leicester City,1,2,0,2,A,,,,
2020-21,2021-02-21,16:30,25,Arsenal,Manchester City,0,1,0,1,A,,,,
2020-21,2021-02-21,19:00,25,Manchester United,Newcastle United,3,1,1,1,H,,,,
2020-21,2021-02-22,20:00,25,Brighton & Hove Albion,Crystal Palace,1,2,0,1,A,,,,
2020-21,2021-02-23,18:00,18,Leeds United,Southampton,3,0,0,0,H,,,,
2020-21,2021-02-27,12:30,26,Manchester City,West Ham United,2,1,1,1,H,,,,
2020-21,2021-02-27,15:00,26,West Bromwich Albion,Brighton & Hove Albion,1,0,1,0,H,,,,
2020-21,2021-02-27,17:30,26,Leeds United,Aston Villa,0,1,0,1,A,,,,
2020-21,2021-02-27,20:00,26,Newcastle United,Wolverhampton Wanderers,1,1,0,0,D,,,,
2020-21,2021-02-28,12:00,26,Leicester City,Arsenal,1,3,1,2,A,,,,
2020-21,2021-02-28,,26,Crystal Palace,Fulham,0,0,,,D,,,,
2020-21,2021-02-28,14:00,26,Tottenham Hotspur,Burnley,4,0,3,0,H,,,,
2020-21,2021-02-28,16:30,26,Chelsea,Manchester United,0,0,,,D,,,,
2020-21,2021-02-28,19:15,26,Sheffield United,Liverpool,0,2,0,0,A,,,,
2020-21,2021-03-01,20:00,26,Everton,Southampton,1,0,1,0,H,,,,
2020-21,2021-03-02,20:00,29,Manchester City,Wolverhampton Wanderers,4,1,1,0,H,,,,
2020-21,2021-03-03,18:00,29,Sheffield United,Aston Villa,1,0,1,0,H,,,,
2020-21,2021-03-03,,29,Burnley,Leicester City,1,1,1,1,D,,,,
2020-21,2021-03-03,20:15,29,Crystal Palace,Manchester United,0,0,,,D,,,,
2020-21,2021-03-04,18:00,29,West Bromwich Albion,Everton,0,1,0,0,A,,,,
2020-21,2021-03-04,18:00,33,Fulham,Tottenham Hotspur,0,1,0,1,A,,,,
2020-21,2021-03-04,20:15,29,Liverpool,Chelsea,0,1,0,1,A,,,,
2020-21,2021-03-06,12:30,27,Burnley,Arsenal,1,1,1,1,D,,,,
2020-21,2021-03-06,15:00,27,Sheffield United,Southampton,0,2,0,1,A,,,,
2020-21,2021-03-06,17:30,27,Aston Villa,Wolverhampton Wanderers,0,0,,,D,,,,
2020-21,2021-03-06,20:00,27,Brighton & Hove Albion,Leicester City,1,2,1,0,A,,,,
2020-21,2021-03-07,12:00,27,West Bromwich Albion,Newcastle United,0,0,,,D,,,,
2020-21,2021-03-07,14:00,27,Liverpool,Fulham,0,1,0,1,A,,,,
2020-21,2021-03-07,16:30,27,Manchester City,Manchester United,0,2,0,1,A,,,,
2020-21,2021-03-07,19:15,27,Tottenham Hotspur,Crystal Palace,4,1,1,1,H,,,,
2020-21,2021-03-08,18:00,27,Chelsea,Everton,2,0,1,0,H,,,,
2020-21,2021-03-08,20:00,27,West Ham United,Leeds United,2,0,2,0,H,,,,
2020-21,2021-03-10,18:00,33,Manchester City,Southampton,5,2,3,1,H,,,,
2020-21,2021-03-12,20:00,28,Newcastle United,Aston Villa,1,1,0,0,D,,,,
2020-21,2021-03-13,12:30,28,Leeds United,Chelsea,0,0,,,D,,,,
2020-21,2021-03-13,15:00,28,Crystal Palace,West Bromwich Albion,1,0,1,0,H,,,,
2020-21,2021-03-13,17:30,28,Everton,Burnley,1,2,1,2,A,,,,
2020-21,2021-03-13,20:00,28,Fulham,Manchester City,0,3,0,0,A,,,,
2020-21,2021-03-14,12:00,28,Southampton,Brighton & Hove Albion,1,2,1,1,A,,,,
2020-21,2021-03-14,14:00,28,Leicester City,Sheffield United,5,0,1,0,H,,,,
2020-21,2021-03-14,16:30,28,Arsenal,Tottenham Hotspur,2,1,1,1,H,,,,
2020-21,2021-03-14,19:15,28,Manchester United,West Ham United,1,0,0,0,H,,,,
2020-21,2021-03-15,20:00,28,Wolverhampton Wanderers,Liverpool,0,1,0,1,A,,,,
2020-21,2021-03-19,20:00,29,Fulham,Leeds United,1,2,1,1,A,,,,
2020-21,2021-03-20,20:00,29,Brighton & Hove Albion,Newcastle United,3,0,1,0,H,,,,
2020-21,2021-03-21,15:00,29,West Ham United,Arsenal,3,3,3,1,D,,,,
2020-21,2021-03-21,19:30,18,Aston Villa,Tottenham Hotspur,0,2,0,1,A,,,,
2020-21,2021-04-03,12:30,30,Chelsea,West Bromwich Albion,2,5,1,2,A,,,,
2020-21,2021-04-03,15:00,30,Leeds United,Sheffield United,2,1,1,1,H,,,,
2020-21,2021-04-03,17:30,30,Leicester City,Manchester City,0,2,0,0,A,,,,
2020-21,2021-04-03,20:00,30,Arsenal,Liverpool,0,3,0,0,A,,,,
2020-21,2021-04-04,12:00,30,Southampton,Burnley,3,2,2,2,H,,,,
2020-21,2021-04-04,14:05,30,Newcastle United,Tottenham Hotspur,2,2,1,2,D,,,,
2020-21,2021-04-04,16:30,30,Aston Villa,Fulham,3,1,0,0,H,,,,
2020-21,2021-04-04,19:30,30,Manchester United,Brighton & Hove Albion,2,1,0,1,H,,,,
2020-21,2021-04-05,18:00,30,Everton,Crystal Palace,1,1,0,0,D,,,,
2020-21,2021-04-05,20:15,30,Wolverhampton Wanderers,West Ham United,2,3,1,3,A,,,,
2020-21,2021-04-09,20:00,31,Fulham,Wolverhampton Wanderers,0,1,0,0,A,,,,
2020-21,2021-04-10,12:30,31,Manchester City,Leeds United,1,2,0,1,A,,,,
2020-21,2021-04-10,15:00,31,Liverpool,Aston Villa,2,1,0,1,H,,,,
2020-21,2021-04-10,17:30,31,Crystal Palace,Chelsea,1,4,0,3,A,,,,
2020-21,2021-04-11,12:00,31,Burnley,Newcastle United,1,2,1,0,A,,,,
2020-21,2021-04-11,14:05,31,West Ham United,Leicester City,3,2,2,0,H,,,,
2020-21,2021-04-11,16:30,31,Tottenham Hotspur,Manchester United,1,3,1,0,A,,,,
2020-21,2021-04-11,19:00,31,Sheffield United,Arsenal,0,3,0,1,A,,,,
2020-21,2021-04-12,18:00,31,West Bromwich Albion,Southampton,3,0,2,0,H,,,,
2020-21,2021-04-12,20:15,31,Brighton & Hove Albion,Everton,0,0,,,D,,,,
2020-21,2021-04-16,20:00,32,Everton,Tottenham Hotspur,2,2,1,1,D,,,,
2020-21,2021-04-17,12:30,32,Newcastle United,West Ham United,3,2,2,0,H,,,,
2020-21,2021-04-17,20:15,32,Wolverhampton Wanderers,Sheffield United,1,0,0,0,H,,,,
2020-21,2021-04-18,13:30,32,Arsenal,Fulham,1,1,0,0,D,,,,
2020-21,2021-04-18,16:00,32,Manchester United,Burnley,3,1,0,0,H,,,,
2020-21,2021-04-19,20:00,32,Leeds United,Liverpool,1,1,0,1,D,,,,
2020-21,2021-04-20,20:15,32,Chelsea,Brighton & Hove Albion,0,0,,,D,,,,
2020-21,2021-04-21,18:00,29,Tottenham Hotspur,Southampton,2,1,0,1,H,,,,
2020-21,2021-04-21,20:15,32,Aston Villa,Manchester City,1,2,1,2,A,,,,
2020-21,2021-04-22,20:00,32,Leicester City,West Bromwich Albion,3,0,3,0,H,,,,
2020-21,2021-04-23,20:00,33,Arsenal,Everton,0,1,0,0,A,,,,
2020-21,2021-04-24,12:30,33,Liverpool,Newcastle United,1,1,1,0,D,,,,
2020-21,2021-04-24,17:30,33,West Ham United,Chelsea,0,1,0,1,A,,,,
2020-21,2021-04-24,20:00,33,Sheffield United,Brighton & Hove Albion,1,0,1,0,H,,,,
2020-21,2021-04-25,12:00,33,Wolverhampton Wanderers,Burnley,0,4,0,3,A,,,,
2020-21,2021-04-25,14:00,33,Leeds United,Manchester United,0,0,,,D,,,,
2020-21,2021-04-25,19:00,33,Aston Villa,West Bromwich Albion,2,2,1,1,D,,,,
2020-21,2021-04-26,20:00,33,Leicester City,Crystal Palace,2,1,0,1,H,,,,
2020-21,2021-04-30,20:00,34,Southampton,Leicester City,1,1,0,0,D,,,,
2020-21,2021-05-01,12:30,34,Crystal Palace,Manchester City,0,2,0,0,A,,,,
2020-21,2021-05-01,15:00,34,Brighton & Hove Albion,Leeds United,2,0,1,0,H,,,,
2020-21,2021-05-01,17:30,34,Chelsea,Fulham,2,0,1,0,H,,,,
2020-21,2021-05-01,20:00,34,Everton,Aston Villa,1,2,1,1,A,,,,
2020-21,2021-05-02,14:00,34,Newcastle United,Arsenal,0,2,0,1,A,,,,
2020-21,2021-05-02,19:15,34,Tottenham Hotspur,Sheffield United,4,0,1,0,H,,,,
2020-21,2021-05-03,18:00,34,West Bromwich Albion,Wolverhampton Wanderers,1,1,0,1,D,,,,
2020-21,2021-05-03,20:15,34,Burnley,West Ham United,1,2,1,2,A,,,,
2020-21,2021-05-07,20:00,35,Leicester City,Newcastle United,2,4,0,2,A,,,,
2020-21,2021-05-08,12:30,35,Leeds United,Tottenham Hotspur,3,1,2,1,H,,,,
2020-21,2021-05-08,15:00,35,Sheffield United,Crystal Palace,0,2,0,1,A,,,,
2020-21,2021-05-08,17:30,35,Manchester City,Chelsea,1,2,1,0,A,,,,
2020-21,2021-05-08,20:15,35,Liverpool,Southampton,2,0,1,0,H,,,,
2020-21,2021-05-09,12:00,35,Wolverhampton Wanderers,Brighton & Hove Albion,2,1,0,1,H,,,,
2020-21,2021-05-09,14:05,35,Aston Villa,Manchester United,1,3,1,0,A,,,,
2020-21,2021-05-09,16:30,35,West Ham United,Everton,0,1,0,1,A,,,,
2020-21,2021-05-09,19:00,35,Arsenal,West Bromwich Albion,3,1,2,0,H,,,,
2020-21,2021-05-10,20:00,35,Fulham,Burnley,0,2,0,2,A,,,,
2020-21,2021-05-11,18:00,36,Manchester United,Leicester City,1,2,1,1,A,,,,
2020-21,2021-05-11,20:15,32,Southampton,Crystal Palace,3,1,1,1,H,,,,
2020-21,2021-05-12,20:15,36,Chelsea,Arsenal,0,1,0,1,A,,,,
2020-21,2021-05-13,18:00,19,Aston Villa,Everton,0,0,,,D,,,,
2020-21,2021-05-13,20:15,34,Manchester United,Liverpool,2,4,1,2,A,,,,
2020-21,2021-05-14,20:00,36,Newcastle United,Manchester City,3,4,2,2,A,,,,
2020-21,2021-05-15,12:30,36,Burnley,Leeds United,0,4,0,1,A,,,,
2020-21,2021-05-15,15:00,36,Southampton,Fulham,3,1,1,0,H,,,,
2020-21,2021-05-15,20:00,36,Brighton & Hove Albion,West Ham United,1,1,0,0,D,,,,
2020-21,2021-05-16,12:00,36,Crystal Palace,Aston Villa,3,2,1,2,H,,,,
2020-21,2021-05-16,14:05,36,Tottenham Hotspur,Wolverhampton Wanderers,2,0,1,0,H,,,,
2020-21,2021-05-16,16:30,36,West Bromwich Albion,Liverpool,1,2,1,1,A,,,,
2020-21,2021-05-16,19:00,36,Everton,Sheffield United,0,1,0,1,A,,,,
2020-21,2021-05-18,18:00,37,Manchester United,Fulham,1,1,1,0,D,,,,
2020-21,2021-05-18,,37,Southampton,Leeds United,0,2,0,0,A,,,,
2020-21,2021-05-18,19:00,37,Brighton & Hove Albion,Manchester City,3,2,0,1,H,,,,
2020-21,2021-05-18,20:15,37,Chelsea,Leicester City,2,1,0,0,H,,,,
2020-21,2021-05-19,18:00,37,Newcastle United,Sheffield United,1,0,1,0,H,,,,
2020-21,2021-05-19,,37,Tottenham Hotspur,Aston Villa,1,2,1,2,A,,,,
2020-21,2021-05-19,,37,Everton,Wolverhampton Wanderers,1,0,0,0,H,,,,
2020-21,2021-05-19,19:00,37,Crystal Palace,Arsenal,1,3,0,1,A,,,,
2020-21,2021-05-19,20:15,37,West Bromwich Albion,West Ham United,1,3,1,1,A,,,,
2020-21,2021-05-19,,37,Burnley,Liverpool,0,3,0,1,A,,,,
2020-21,2021-05-23,16:00,38,Fulham,Newcastle United,0,2,0,1,A,,,,
2020-21,2021-05-23,,38,Aston Villa,Chelsea,2,1,1,0,H,,,,
2020-21,2021-05-23,,38,Liverpool,Crystal Palace,2,0,1,0,H,,,,
2020-21,2021-05-23,,38,Manchester City,Everton,5,0,2,0,H,,,,
2020-21,2021-05-23,,38,Arsenal,Brighton & Hove Albion,2,0,0,0,H,,,,
2020-21,2021-05-23,,38,Sheffield United,Burnley,1,0,1,0,H,,,,
2020-21,2021-05-23,,38,Leicester City,Tottenham Hotspur,2,4,1,1,A,,,,
2020-21,2021-05-23,,38,West Ham United,Southampton,3,0,2,0,H,,,,
2020-21,2021-05-23,,38,Leeds United,West Bromwich Albion,3,1,2,0,H,,,,
2020-21,2021-05-23,,38,Wolverhampton Wanderers,Manchester United,1,2,1,2,A,,,,
2021-22,2021-08-13,20:00,1,Brentford,Arsenal,2,0,1,0,H,,,,
2021-22,2021-08-14,12:30,1,Manchester United,Leeds United,5,1,1,0,H,,,,
2021-22,2021-08-14,15:00,1,Watford,Aston Villa,3,2,2,0,H,,,,
2021-22,2021-08-14,,1,Leicester City,Wolverhampton Wanderers,1,0,1,0,H,,,,
2021-22,2021-08-14,,1,Everton,Southampton,3,1,0,1,H,,,,
2021-22,2021-08-14,,1,Chelsea,Crystal Palace,3,0,2,0,H,,,,
2021-22,2021-08-14,,1,Burnley,Brighton & Hove Albion,1,2,1,0,A,,,,
2021-22,2021-08-14,17:30,1,Norwich City,Liverpool,0,3,0,1,A,,,,
2021-22,2021-08-15,14:00,1,Newcastle United,West Ham United,2,4,2,1,A,,,,
2021-22,2021-08-15,16:30,1,Tottenham Hotspur,Manchester City,1,0,0,0,H,,,,
2021-22,2021-08-21,12:30,2,Liverpool,Burnley,2,0,1,0,H,,,,
2021-22,2021-08-21,15:00,2,Manchester City,Norwich City,5,0,2,0,H,,,,
2021-22,2021-08-21,,2,Leeds United,Everton,2,2,1,1,D,,,,
2021-22,2021-08-21,,2,Crystal Palace,Brentford,0,0,,,D,,,,
2021-22,2021-08-21,,2,Aston Villa,Newcastle United,2,0,1,0,H,,,,
2021-22,2021-08-21,17:30,2,Brighton & Hove Albion,Watford,2,0,2,0,H,,,,
2021-22,2021-08-22,14:00,2,Wolverhampton Wanderers,Tottenham Hotspur,0,1,0,1,A,,,,
2021-22,2021-08-22,,2,Southampton,Manchester United,1,1,1,0,D,,,,
2021-22,2021-08-22,16:30,2,Arsenal,Chelsea,0,2,0,2,A,,,,
2021-22,2021-08-23,20:00,2,West Ham United,Leicester City,4,1,1,0,H,,,,
2021-22,2021-08-28,12:30,3,Manchester City,Arsenal,5,0,3,0,H,,,,
2021-22,2021-08-28,15:00,3,West Ham United,Crystal Palace,2,2,1,0,D,,,,
2021-22,2021-08-28,,3,Norwich City,Leicester City,1,2,1,1,A,,,,
2021-22,2021-08-28,,3,Newcastle United,Southampton,2,2,0,0,D,,,,
2021-22,2021-08-28,,3,Brighton & Hove Albion,Everton,0,2,0,1,A,,,,
2021-22,2021-08-28,,3,Aston Villa,Brentford,1,1,1,1,D,,,,
2021-22,2021-08-28,17:30,3,Liverpool,Chelsea,1,1,1,1,D,,,,
2021-22,2021-08-29,14:00,3,Tottenham Hotspur,Watford,1,0,1,0,H,,,,
2021-22,2021-08-29,,3,Burnley,Leeds United,1,1,0,0,D,,,,
2021-22,2021-08-29,16:30,3,Wolverhampton Wanderers,Manchester United,0,1,0,0,A,,,,
2021-22,2021-09-11,12:30,4,Crystal Palace,Tottenham Hotspur,3,0,0,0,H,,,,
2021-22,2021-09-11,15:00,4,Watford,Wolverhampton Wanderers,0,2,0,0,A,,,,
2021-22,2021-09-11,,4,Southampton,West Ham United,0,0,,,D,,,,
2021-22,2021-09-11,,4,Manchester United,Newcastle United,4,1,1,0,H,,,,
2021-22,2021-09-11,,4,Leicester City,Manchester City,0,1,0,0,A,,,,
2021-22,2021-09-11,,4,Brentford,Brighton & Hove Albion,0,1,0,0,A,,,,
2021-22,2021-09-11,,4,Arsenal,Norwich City,1,0,0,0,H,,,,
2021-22,2021-09-11,17:30,4,Chelsea,Aston Villa,3,0,1,0,H,,,,
2021-22,2021-09-12,16:30,4,Leeds United,Liverpool,0,3,0,1,A,,,,
2021-22,2021-09-13,20:00,4,Everton,Burnley,3,1,0,0,H,,,,
2021-22,2021-09-17,20:00,5,Newcastle United,Leeds United,1,1,1,1,D,,,,
2021-22,2021-09-18,12:30,5,Wolverhampton Wanderers,Brentford,0,2,0,2,A,,,,
2021-22,2021-09-18,15:00,5,Norwich City,Watford,1,3,1,1,A,,,,
2021-22,2021-09-18,,5,Manchester City,Southampton,0,0,,,D,,,,
2021-22,2021-09-18,,5,Liverpool,Crystal Palace,3,0,1,0,H,,,,
2021-22,2021-09-18,,5,Burnley,Arsenal,0,1,0,1,A,,,,
2021-22,2021-09-18,17:30,5,Aston Villa,Everton,3,0,0,0,H,,,,
2021-22,2021-09-19,14:00,5,West Ham United,Manchester United,1,2,1,1,A,,,,
2021-22,2021-09-19,,5,Brighton & Hove Albion,Leicester City,2,1,1,0,H,,,,
2021-22,2021-09-19,16:30,5,Tottenham Hotspur,Chelsea,0,3,0,0,A,,,,
2021-22,2021-09-25,12:30,6,Manchester United,Aston Villa,0,1,0,0,A,,,,
2021-22,2021-09-25,,6,Chelsea,Manchester City,0,1,0,0,A,,,,
2021-22,2021-09-25,15:00,6,Watford,Newcastle United,1,1,0,1,D,,,,
2021-22,2021-09-25,,6,Leicester City,Burnley,2,2,1,2,D,,,,
2021-22,2021-09-25,,6,Leeds United,West Ham United,1,2,1,0,A,,,,
2021-22,2021-09-25,,6,Everton,Norwich City,2,0,1,0,H,,,,
2021-22,2021-09-25,17:30,6,Brentford,Liverpool,3,3,1,1,D,,,,
2021-22,2021-09-26,14:00,6,Southampton,Wolverhampton Wanderers,0,1,0,0,A,,,,
2021-22,2021-09-26,16:30,6,Arsenal,Tottenham Hotspur,3,1,3,0,H,,,,
2021-22,2021-09-27,20:00,6,Crystal Palace,Brighton & Hove Albion,1,1,1,0,D,,,,
2021-22,2021-10-02,12:30,7,Manchester United,Everton,1,1,1,0,D,,,,
2021-22,2021-10-02,15:00,7,Wolverhampton Wanderers,Newcastle United,2,1,1,1,H,,,,
2021-22,2021-10-02,,7,Leeds United,Watford,1,0,1,0,H,,,,
2021-22,2021-10-02,,7,Chelsea,Southampton,3,1,1,0,H,,,,
2021-22,2021-10-02,,7,Burnley,Norwich City,0,0,,,D,,,,
2021-22,2021-10-02,17:30,7,Brighton & Hove Albion,Arsenal,0,0,,,D,,,,
2021-22,2021-10-03,14:00,7,West Ham United,Brentford,1,2,0,1,A,,,,
2021-22,2021-10-03,,7,Tottenham Hotspur,Aston Villa,2,1,1,0,H,,,,
2021-22,2021-10-03,,7,Crystal Palace,Leicester City,2,2,0,2,D,,,,
2021-22,2021-10-03,16:30,7,Liverpool,Manchester City,2,2,0,0,D,,,,
2021-22,2021-10-16,12:30,8,Watford,Liverpool,0,5,0,2,A,,,,
2021-22,2021-10-16,15:00,8,Southampton,Leeds United,1,0,0,0,H,,,,
2021-22,2021-10-16,,8,Norwich City,Brighton & Hove Albion,0,0,,,D,,,,
2021-22,2021-10-16,,8,Manchester City,Burnley,2,0,1,0,H,,,,
2021-22,2021-10-16,,8,Leicester City,Manchester United,4,2,1,1,H,,,,
2021-22,2021-10-16,,8,Aston Villa,Wolverhampton Wanderers,2,3,0,0,A,,,,
2021-22,2021-10-16,17:30,8,Brentford,Chelsea,0,1,0,1,A,,,,
2021-22,2021-10-17,14:00,8,Everton,West Ham United,0,1,0,0,A,,,,
2021-22,2021-10-17,16:30,8,Newcastle United,Tottenham Hotspur,2,3,1,3,A,,,,
2021-22,2021-10-18,20:00,8,Arsenal,Crystal Palace,2,2,1,0,D,,,,
2021-22,2021-10-22,20:00,9,Arsenal,Aston Villa,3,1,2,0,H,,,,
2021-22,2021-10-23,12:30,9,Chelsea,Norwich City,7,0,3,0,H,,,,
2021-22,2021-10-23,15:00,9,Southampton,Burnley,2,2,1,1,D,,,,
2021-22,2021-10-23,,9,Leeds United,Wolverhampton Wanderers,1,1,0,1,D,,,,
2021-22,2021-10-23,,9,Everton,Watford,2,5,1,1,A,,,,
2021-22,2021-10-23,,9,Crystal Palace,Newcastle United,1,1,0,0,D,,,,
2021-22,2021-10-23,17:30,9,Brighton & Hove Albion,Manchester City,1,4,0,3,A,,,,
2021-22,2021-10-24,14:00,9,West Ham United,Tottenham Hotspur,1,0,0,0,H,,,,
2021-22,2021-10-24,,9,Brentford,Leicester City,1,2,0,1,A,,,,
2021-22,2021-10-24,16:30,9,Manchester United,Liverpool,0,5,0,4,A,,,,
2021-22,2021-10-30,12:30,10,Leicester City,Arsenal,0,2,0,2,A,,,,
2021-22,2021-10-30,15:00,10,Watford,Southampton,0,1,0,1,A,,,,
2021-22,2021-10-30,,10,Newcastle United,Chelsea,0,3,0,0,A,,,,
2021-22,2021-10-30,,10,Manchester City,Crystal Palace,0,2,0,1,A,,,,
2021-22,2021-10-30,,10,Liverpool,Brighton & Hove Albion,2,2,2,1,D,,,,
2021-22,2021-10-30,,10,Burnley,Brentford,3,1,3,0,H,,,,
2021-22,2021-10-30,17:30,10,Tottenham Hotspur,Manchester United,0,3,0,1,A,,,,
2021-22,2021-10-31,14:00,10,Norwich City,Leeds United,1,2,0,0,A,,,,
2021-22,2021-10-31,16:30,10,Aston Villa,West Ham United,1,4,1,2,A,,,,
2021-22,2021-11-01,20:00,10,Wolverhampton Wanderers,Everton,2,1,2,0,H,,,,
2021-22,2021-11-05,20:00,11,Southampton,Aston Villa,1,0,1,0,H,,,,
2021-22,2021-11-06,12:30,11,Manchester United,Manchester City,0,2,0,2,A,,,,
2021-22,2021-11-06,15:00,11,Crystal Palace,Wolverhampton Wanderers,2,0,0,0,H,,,,
2021-22,2021-11-06,,11,Chelsea,Burnley,1,1,1,0,D,,,,
2021-22,2021-11-06,,11,Brentford,Norwich City,1,2,0,2,A,,,,
2021-22,2021-11-06,17:30,11,Brighton & Hove Albion,Newcastle United,1,1,1,0,D,,,,
2021-22,2021-11-07,14:00,11,Leeds United,Leicester City,1,1,1,1,D,,,,
2021-22,2021-11-07,,11,Everton,Tottenham Hotspur,0,0,,,D,,,,
2021-22,2021-11-07,,11,Arsenal,Watford,1,0,0,0,H,,,,
2021-22,2021-11-07,16:30,11,West Ham United,Liverpool,3,2,1,1,H,,,,
2021-22,2021-11-20,12:30,12,Leicester City,Chelsea,0,3,0,2,A,,,,
2021-22,2021-11-20,15:00,12,Wolverhampton Wanderers,West Ham United,1,0,0,0,H,,,,
2021-22,2021-11-20,,12,Watford,Manchester United,4,1,2,0,H,,,,
2021-22,2021-11-20,,12,Norwich City,Southampton,2,1,1,1,H,,,,
2021-22,2021-11-20,,12,Newcastle United,Brentford,3,3,2,2,D,,,,
2021-22,2021-11-20,,12,Burnley,Crystal Palace,3,3,2,3,D,,,,
2021-22,2021-11-20,,12,Aston Villa,Brighton & Hove Albion,2,0,0,0,H,,,,
2021-22,2021-11-20,17:30,12,Liverpool,Arsenal,4,0,1,0,H,,,,
2021-22,2021-11-21,14:00,12,Manchester City,Everton,3,0,1,0,H,,,,
2021-22,2021-11-21,16:30,12,Tottenham Hotspur,Leeds United,2,1,0,1,H,,,,
2021-22,2021-11-27,12:30,13,Arsenal,Newcastle United,2,0,0,0,H,,,,
2021-22,2021-11-27,15:00,13,Norwich City,Wolverhampton Wanderers,0,0,,,D,,,,
2021-22,2021-11-27,,13,Liverpool,Southampton,4,0,3,0,H,,,,
2021-22,2021-11-27,,13,Crystal Palace,Aston Villa,1,2,0,1,A,,,,
2021-22,2021-11-27,17:30,13,Brighton & Hove Albion,Leeds United,0,0,,,D,,,,
2021-22,2021-11-28,14:00,13,Manchester City,West Ham United,2,1,1,0,H,,,,
2021-22,2021-11-28,,13,Leicester City,Watford,4,2,3,1,H,,,,
2021-22,2021-11-28,,13,Brentford,Everton,1,0,1,0,H,,,,
2021-22,2021-11-28,16:30,13,Chelsea,Manchester United,1,1,0,0,D,,,,
2021-22,2021-11-30,19:30,14,Newcastle United,Norwich City,1,1,0,0,D,,,,
2021-22,2021-11-30,20:15,14,Leeds United,Crystal Palace,1,0,0,0,H,,,,
2021-22,2021-12-01,19:30,14,Southampton,Leicester City,2,2,2,1,D,,,,
2021-22,2021-12-01,,14,Wolverhampton Wanderers,Burnley,0,0,,,D,,,,
2021-22,2021-12-01,,14,West Ham United,Brighton & Hove Albion,1,1,1,0,D,,,,
2021-22,2021-12-01,,14,Watford,Chelsea,1,2,1,1,A,,,,
2021-22,2021-12-01,20:15,14,Everton,Liverpool,1,4,1,2,A,,,,
2021-22,2021-12-01,,14,Aston Villa,Manchester City,1,2,0,2,A,,,,
2021-22,2021-12-02,19:30,14,Tottenham Hotspur,Brentford,2,0,1,0,H,,,,
2021-22,2021-12-02,20:15,14,Manchester United,Arsenal,3,2,1,1,H,,,,
2021-22,2021-12-04,12:30,15,West Ham United,Chelsea,3,2,1,2,H,,,,
2021-22,2021-12-04,15:00,15,Wolverhampton Wanderers,Liverpool,0,1,0,0,A,,,,
2021-22,2021-12-04,,15,Southampton,Brighton & Hove Albion,1,1,1,0,D,,,,
2021-22,2021-12-04,,15,Newcastle United,Burnley,1,0,1,0,H,,,,
2021-22,2021-12-04,17:30,15,Watford,Manchester City,1,3,0,2,A,,,,
2021-22,2021-12-05,14:00,15,Tottenham Hotspur,Norwich City,3,0,1,0,H,,,,
2021-22,2021-12-05,,15,Manchester United,Crystal Palace,1,0,0,0,H,,,,
2021-22,2021-12-05,,15,Leeds United,Brentford,2,2,1,0,D,,,,
2021-22,2021-12-05,16:30,15,Aston Villa,Leicester City,2,1,1,1,H,,,,
2021-22,2021-12-06,20:00,15,Everton,Arsenal,2,1,0,1,H,,,,
2021-22,2021-12-10,20:00,16,Brentford,Watford,2,1,0,1,H,,,,
2021-22,2021-12-11,12:30,16,Manchester City,Wolverhampton Wanderers,1,0,0,0,H,,,,
2021-22,2021-12-11,15:00,16,Liverpool,Aston Villa,1,0,0,0,H,,,,
2021-22,2021-12-11,,16,Chelsea,Leeds United,3,2,1,1,H,,,,
2021-22,2021-12-11,,16,Arsenal,Southampton,3,0,2,0,H,,,,
2021-22,2021-12-11,17:30,16,Norwich City,Manchester United,0,1,0,0,A,,,,
2021-22,2021-12-12,14:00,16,Leicester City,Newcastle United,4,0,1,0,H,,,,
2021-22,2021-12-12,,16,Burnley,West Ham United,0,0,,,D,,,,
2021-22,2021-12-12,16:30,16,Crystal Palace,Everton,3,1,1,0,H,,,,
2021-22,2021-12-14,19:45,17,Norwich City,Aston Villa,0,2,0,1,A,,,,
2021-22,2021-12-14,20:00,17,Manchester City,Leeds United,7,0,3,0,H,,,,
2021-22,2021-12-15,19:30,17,Crystal Palace,Southampton,2,2,1,2,D,,,,
2021-22,2021-12-15,,17,Brighton & Hove Albion,Wolverhampton Wanderers,0,1,0,1,A,,,,
2021-22,2021-12-15,20:00,17,Arsenal,West Ham United,2,0,0,0,H,,,,
2021-22,2021-12-16,19:45,17,Chelsea,Everton,1,1,0,0,D,,,,
2021-22,2021-12-16,20:00,17,Liverpool,Newcastle United,3,1,2,1,H,,,,
2021-22,2021-12-18,17:30,18,Leeds United,Arsenal,1,4,0,3,A,,,,
2021-22,2021-12-19,14:00,18,Wolverhampton Wanderers,Chelsea,0,0,,,D,,,,
2021-22,2021-12-19,,18,Newcastle United,Manchester City,0,4,0,2,A,,,,
2021-22,2021-12-19,16:30,18,Tottenham Hotspur,Liverpool,2,2,1,1,D,,,,
2021-22,2021-12-26,15:00,19,West Ham United,Southampton,2,3,0,1,A,,,,
2021-22,2021-12-26,,19,Tottenham Hotspur,Crystal Palace,3,0,2,0,H,,,,
2021-22,2021-12-26,,19,Norwich City,Arsenal,0,5,0,2,A,,,,
2021-22,2021-12-26,,19,Manchester City,Leicester City,6,3,4,0,H,,,,
2021-22,2021-12-26,17:30,19,Aston Villa,Chelsea,1,3,1,1,A,,,,
2021-22,2021-12-26,20:00,19,Brighton & Hove Albion,Brentford,2,0,2,0,H,,,,
2021-22,2021-12-27,20:00,19,Newcastle United,Manchester United,1,1,1,0,D,,,,
2021-22,2021-12-28,15:00,20,Crystal Palace,Norwich City,3,0,3,0,H,,,,
2021-22,2021-12-28,,20,Watford,West Ham United,1,4,1,2,A,,,,
2021-22,2021-12-28,,20,Southampton,Tottenham Hotspur,1,1,1,1,D,,,,
2021-22,2021-12-28,20:00,20,Leicester City,Liverpool,1,0,0,0,H,,,,
2021-22,2021-12-29,19:30,20,Chelsea,Brighton & Hove Albion,1,1,1,0,D,,,,
2021-22,2021-12-29,20:15,20,Brentford,Manchester City,0,1,0,1,A,,,,
2021-22,2021-12-30,20:15,20,Manchester United,Burnley,3,1,3,1,H,,,,
2021-22,2022-01-01,12:30,21,Arsenal,Manchester City,1,2,1,0,A,,,,
2021-22,2022-01-01,15:00,21,Watford,Tottenham Hotspur,0,1,0,0,A,,,,
2021-22,2022-01-01,17:30,21,Crystal Palace,West Ham United,2,3,0,3,A,,,,
2021-22,2022-01-02,14:00,21,Leeds United,Burnley,3,1,1,0,H,,,,
2021-22,2022-01-02,,21,Everton,Brighton & Hove Albion,2,3,0,2,A,,,,
2021-22,2022-01-02,,21,Brentford,Aston Villa,2,1,1,1,H,,,,
2021-22,2022-01-02,16:30,21,Chelsea,Liverpool,2,2,2,2,D,,,,
2021-22,2022-01-03,17:30,21,Manchester United,Wolverhampton Wanderers,0,1,0,0,A,,,,
2021-22,2022-01-11,19:45,18,Southampton,Brentford,4,1,2,1,H,,,,
2021-22,2022-01-12,19:45,18,West Ham United,Norwich City,2,0,1,0,H,,,,
2021-22,2022-01-14,20:00,22,Brighton & Hove Albion,Crystal Palace,1,1,0,0,D,,,,
2021-22,2022-01-15,12:30,22,Manchester City,Chelsea,1,0,0,0,H,,,,
2021-22,2022-01-15,15:00,22,Wolverhampton Wanderers,Southampton,3,1,1,0,H,,,,
2021-22,2022-01-15,,22,Norwich City,Everton,2,1,2,0,H,,,,
2021-22,2022-01-15,,22,Newcastle United,Watford,1,1,0,0,D,,,,
2021-22,2022-01-15,17:30,22,Aston Villa,Manchester United,2,2,0,1,D,,,,
2021-22,2022-01-16,14:00,22,West Ham United,Leeds United,2,3,1,2,A,,,,
2021-22,2022-01-16,,22,Liverpool,Brentford,3,0,1,0,H,,,,
2021-22,2022-01-18,20:00,24,Brighton & Hove Albion,Chelsea,1,1,0,1,D,,,,
2021-22,2022-01-19,19:30,17,Leicester City,Tottenham Hotspur,2,3,1,1,A,,,,
2021-22,2022-01-19,20:00,17,Brentford,Manchester United,1,3,0,0,A,,,,
2021-22,2022-01-21,20:00,23,Watford,Norwich City,0,3,0,0,A,,,,
2021-22,2022-01-22,12:30,23,Everton,Aston Villa,0,1,0,1,A,,,,
2021-22,2022-01-22,15:00,23,Manchester United,West Ham United,1,0,0,0,H,,,,
2021-22,2022-01-22,,23,Leeds United,Newcastle United,0,1,0,0,A,,,,
2021-22,2022-01-22,,23,Brentford,Wolverhampton Wanderers,1,2,0,0,A,,,,
2021-22,2022-01-22,17:30,23,Southampton,Manchester City,1,1,1,0,D,,,,
2021-22,2022-01-23,14:00,23,Leicester City,Brighton & Hove Albion,1,1,0,0,D,,,,
2021-22,2022-01-23,,23,Crystal Palace,Liverpool,1,3,0,2,A,,,,
2021-22,2022-01-23,,23,Arsenal,Burnley,0,0,,,D,,,,
2021-22,2022-01-23,16:30,23,Chelsea,Tottenham Hotspur,2,0,0,0,H,,,,
2021-22,2022-02-05,18:00,17,Burnley,Watford,0,0,,,D,,,,
2021-22,2022-02-08,19:45,24,Newcastle United,Everton,3,1,1,1,H,,,,
2021-22,2022-02-08,,24,West Ham United,Watford,1,0,0,0,H,,,,
2021-22,2022-02-08,20:00,24,Burnley,Manchester United,1,1,0,1,D,,,,
2021-22,2022-02-09,19:45,24,Manchester City,Brentford,2,0,1,0,H,,,,
2021-22,2022-02-09,,24,Tottenham Hotspur,Southampton,2,3,1,1,A,,,,
2021-22,2022-02-09,,24,Norwich City,Crystal Palace,1,1,1,0,D,,,,
2021-22,2022-02-09,20:00,24,Aston Villa,Leeds United,3,3,3,2,D,,,,
2021-22,2022-02-10,19:45,24,Liverpool,Leicester City,2,0,1,0,H,,,,
2021-22,2022-02-10,,24,Wolverhampton Wanderers,Arsenal,0,1,0,1,A,,,,
2021-22,2022-02-12,12:30,25,Manchester United,Southampton,1,1,1,0,D,,,,
2021-22,2022-02-12,15:00,25,Watford,Brighton & Hove Albion,0,2,0,1,A,,,,
2021-22,2022-02-12,,25,Everton,Leeds United,3,0,2,0,H,,,,
2021-22,2022-02-12,,25,Brentford,Crystal Palace,0,0,,,D,,,,
2021-22,2022-02-12,17:30,25,Norwich City,Manchester City,0,4,0,1,A,,,,
2021-22,2022-02-13,14:00,25,Tottenham Hotspur,Wolverhampton Wanderers,0,2,0,2,A,,,,
2021-22,2022-02-13,,25,Newcastle United,Aston Villa,1,0,1,0,H,,,,
2021-22,2022-02-13,,25,Burnley,Liverpool,0,1,0,1,A,,,,
2021-22,2022-02-13,16:30,25,Leicester City,West Ham United,2,2,1,1,D,,,,
2021-22,2022-02-15,20:15,18,Manchester United,Brighton & Hove Albion,2,0,0,0,H,,,,
2021-22,2022-02-19,12:30,26,West Ham United,Newcastle United,1,1,1,1,D,,,,
2021-22,2022-02-19,15:00,26,Southampton,Everton,2,0,0,0,H,,,,
2021-22,2022-02-19,,26,Liverpool,Norwich City,3,1,0,0,H,,,,
2021-22,2022-02-19,,26,Crystal Palace,Chelsea,0,1,0,0,A,,,,
2021-22,2022-02-19,,26,Brighton & Hove Albion,Burnley,0,3,0,2,A,,,,
2021-22,2022-02-19,,26,Aston Villa,Watford,0,1,0,0,A,,,,
2021-22,2022-02-19,,26,Arsenal,Brentford,2,1,0,0,H,,,,
2021-22,2022-02-19,17:30,26,Manchester City,Tottenham Hotspur,2,3,1,1,A,,,,
2021-22,2022-02-20,14:00,26,Leeds United,Manchester United,2,4,0,2,A,,,,
2021-22,2022-02-20,16:30,26,Wolverhampton Wanderers,Leicester City,2,1,1,1,H,,,,
2021-22,2022-02-23,19:30,18,Watford,Crystal Palace,1,4,1,2,A,,,,
2021-22,2022-02-23,19:30,13,Burnley,Tottenham Hotspur,1,0,0,0,H,,,,
2021-22,2022-02-23,19:45,19,Liverpool,Leeds United,6,0,3,0,H,,,,
2021-22,2022-02-24,19:45,20,Arsenal,Wolverhampton Wanderers,2,1,0,1,H,,,,
2021-22,2022-02-25,20:00,27,Southampton,Norwich City,2,0,1,0,H,,,,
2021-22,2022-02-26,12:30,27,Leeds United,Tottenham Hotspur,0,4,0,3,A,,,,
2021-22,2022-02-26,15:00,27,Manchester United,Watford,0,0,,,D,,,,
2021-22,2022-02-26,,27,Crystal Palace,Burnley,1,1,1,0,D,,,,
2021-22,2022-02-26,,27,Brentford,Newcastle United,0,2,0,2,A,,,,
2021-22,2022-02-26,15:30,27,Brighton & Hove Albion,Aston Villa,0,2,0,1,A,,,,
2021-22,2022-02-26,17:30,27,Everton,Manchester City,0,1,0,0,A,,,,
2021-22,2022-02-27,14:00,27,West Ham United,Wolverhampton Wanderers,1,0,0,0,H,,,,
2021-22,2022-03-01,19:45,22,Burnley,Leicester City,0,2,0,0,A,,,,
2021-22,2022-03-05,12:30,28,Leicester City,Leeds United,1,0,0,0,H,,,,
2021-22,2022-03-05,15:00,28,Wolverhampton Wanderers,Crystal Palace,0,2,0,2,A,,,,
2021-22,2022-03-05,,28,Norwich City,Brentford,1,3,0,1,A,,,,
2021-22,2022-03-05,,28,Newcastle United,Brighton & Hove Albion,2,1,2,0,H,,,,
2021-22,2022-03-05,,28,Burnley,Chelsea,0,4,0,0,A,,,,
2021-22,2022-03-05,,28,Aston Villa,Southampton,4,0,2,0,H,,,,
2021-22,2022-03-05,17:30,28,Liverpool,West Ham United,1,0,1,0,H,,,,
2021-22,2022-03-06,14:00,28,Watford,Arsenal,2,3,1,2,A,,,,
2021-22,2022-03-06,16:30,28,Manchester City,Manchester United,4,1,2,1,H,,,,
2021-22,2022-03-07,20:00,28,Tottenham Hotspur,Everton,5,0,3,0,H,,,,
2021-22,2022-03-10,19:30,19,Wolverhampton Wanderers,Watford,4,0,3,0,H,,,,
2021-22,2022-03-10,19:30,30,Norwich City,Chelsea,1,3,0,2,A,,,,
2021-22,2022-03-10,19:30,21,Southampton,Newcastle United,1,2,1,1,A,,,,
2021-22,2022-03-10,19:45,20,Leeds United,Aston Villa,0,3,0,1,A,,,,
2021-22,2022-03-12,12:30,29,Brighton & Hove Albion,Liverpool,0,2,0,1,A,,,,
2021-22,2022-03-12,15:00,29,Brentford,Burnley,2,0,0,0,H,,,,
2021-22,2022-03-12,17:30,29,Manchester United,Tottenham Hotspur,3,2,2,1,H,,,,
2021-22,2022-03-13,14:00,29,West Ham United,Aston Villa,2,1,0,0,H,,,,
2021-22,2022-03-13,,29,Southampton,Watford,1,2,1,2,A,,,,
2021-22,2022-03-13,,29,Leeds United,Norwich City,2,1,1,0,H,,,,
2021-22,2022-03-13,,29,Everton,Wolverhampton Wanderers,0,1,0,0,A,,,,
2021-22,2022-03-13,,29,Chelsea,Newcastle United,1,0,0,0,H,,,,
2021-22,2022-03-13,16:30,29,Arsenal,Leicester City,2,0,1,0,H,,,,
2021-22,2022-03-14,20:00,29,Crystal Palace,Manchester City,0,0,,,D,,,,
2021-22,2022-03-16,19:30,16,Brighton & Hove Albion,Tottenham Hotspur,0,2,0,1,A,,,,
2021-22,2022-03-16,20:15,27,Arsenal,Liverpool,0,2,0,0,A,,,,
2021-22,2022-03-17,19:45,20,Everton,Newcastle United,1,0,0,0,H,,,,
2021-22,2022-03-18,20:00,30,Wolverhampton Wanderers,Leeds United,2,3,2,0,A,,,,
2021-22,2022-03-19,12:30,30,Aston Villa,Arsenal,0,1,0,1,A,,,,
2021-22,2022-03-20,14:00,30,Leicester City,Brentford,2,1,2,0,H,,,,
2021-22,2022-03-20,16:30,30,Tottenham Hotspur,West Ham United,3,1,2,1,H,,,,
2021-22,2022-04-02,12:30,31,Liverpool,Watford,2,0,1,0,H,,,,
2021-22,2022-04-02,15:00,31,Brighton & Hove Albion,Norwich City,0,0,,,D,,,,
2021-22,2022-04-02,,31,Burnley,Manchester City,0,2,0,2,A,,,,
2021-22,2022-04-02,,31,Chelsea,Brentford,1,4,0,0,A,,,,
2021-22,2022-04-02,,31,Leeds United,Southampton,1,1,1,0,D,,,,
2021-22,2022-04-02,,31,Wolverhampton Wanderers,Aston Villa,2,1,2,0,H,,,,
2021-22,2022-04-02,17:30,31,Manchester United,Leicester City,1,1,0,0,D,,,,
2021-22,2022-04-03,14:00,31,West Ham United,Everton,2,1,1,0,H,,,,
2021-22,2022-04-03,16:30,31,Tottenham Hotspur,Newcastle United,5,1,1,1,H,,,,
2021-22,2022-04-04,20:00,31,Crystal Palace,Arsenal,3,0,2,0,H,,,,
2021-22,2022-04-06,19:30,19,Burnley,Everton,3,2,1,2,H,,,,
2021-22,2022-04-08,20:00,32,Newcastle United,Wolverhampton Wanderers,1,0,0,0,H,,,,
2021-22,2022-04-09,12:30,32,Everton,Manchester United,1,0,1,0,H,,,,
2021-22,2022-04-09,15:00,32,Arsenal,Brighton & Hove Albion,1,2,0,1,A,,,,
2021-22,2022-04-09,,32,Southampton,Chelsea,0,6,0,4,A,,,,
2021-22,2022-04-09,,32,Watford,Leeds United,0,3,0,1,A,,,,
2021-22,2022-04-09,17:30,32,Aston Villa,Tottenham Hotspur,0,4,0,1,A,,,,
2021-22,2022-04-10,14:00,32,Brentford,West Ham United,2,0,0,0,H,,,,
2021-22,2022-04-10,,32,Leicester City,Crystal Palace,2,1,2,0,H,,,,
2021-22,2022-04-10,,32,Norwich City,Burnley,2,0,1,0,H,,,,
2021-22,2022-04-10,16:30,32,Manchester City,Liverpool,2,2,2,1,D,,,,
2021-22,2022-04-16,12:30,33,Tottenham Hotspur,Brighton & Hove Albion,0,1,0,0,A,,,,
2021-22,2022-04-16,15:00,33,Manchester United,Norwich City,3,2,2,1,H,,,,
2021-22,2022-04-16,,33,Southampton,Arsenal,1,0,1,0,H,,,,
2021-22,2022-04-16,,33,Watford,Brentford,1,2,0,1,A,,,,
2021-22,2022-04-17,14:15,33,Newcastle United,Leicester City,2,1,1,1,H,,,,
2021-22,2022-04-17,,33,West Ham United,Burnley,1,1,0,1,D,,,,
2021-22,2022-04-19,20:00,30,Liverpool,Manchester United,4,0,2,0,H,,,,
2021-22,2022-04-20,19:45,18,Everton,Leicester City,1,1,0,1,D,,,,
2021-22,2022-04-20,19:45,30,Newcastle United,Crystal Palace,1,0,1,0,H,,,,
2021-22,2022-04-20,19:45,25,Chelsea,Arsenal,2,4,2,2,A,,,,
2021-22,2022-04-20,20:00,30,Manchester City,Brighton & Hove Albion,3,0,0,0,H,,,,
2021-22,2022-04-21,19:45,30,Burnley,Southampton,2,0,2,0,H,,,,
2021-22,2022-04-23,12:30,34,Arsenal,Manchester United,3,1,2,1,H,,,,
2021-22,2022-04-23,15:00,34,Leicester City,Aston Villa,0,0,,,D,,,,
2021-22,2022-04-23,,34,Manchester City,Watford,5,1,3,1,H,,,,
2021-22,2022-04-23,,34,Norwich City,Newcastle United,0,3,0,2,A,,,,
2021-22,2022-04-23,17:30,34,Brentford,Tottenham Hotspur,0,0,,,D,,,,
2021-22,2022-04-24,14:00,34,Brighton & Hove Albion,Southampton,2,2,2,1,D,,,,
2021-22,2022-04-24,,34,Burnley,Wolverhampton Wanderers,1,0,0,0,H,,,,
2021-22,2022-04-24,,34,Chelsea,West Ham United,1,0,0,0,H,,,,
2021-22,2022-04-24,16:30,34,Liverpool,Everton,2,0,0,0,H,,,,
2021-22,2022-04-25,20:00,34,Crystal Palace,Leeds United,0,0,,,D,,,,
2021-22,2022-04-28,19:45,37,Manchester United,Chelsea,1,1,0,0,D,,,,
2021-22,2022-04-30,12:30,35,Newcastle United,Liverpool,0,1,0,1,A,,,,
2021-22,2022-04-30,15:00,35,Aston Villa,Norwich City,2,0,1,0,H,,,,
2021-22,2022-04-30,,35,Southampton,Crystal Palace,1,2,1,0,A,,,,
2021-22,2022-04-30,,35,Watford,Burnley,1,2,1,0,A,,,,
2021-22,2022-04-30,,35,Wolverhampton Wanderers,Brighton & Hove Albion,0,3,0,1,A,,,,
2021-22,2022-04-30,17:30,35,Leeds United,Manchester City,0,4,0,1,A,,,,
2021-22,2022-05-01,14:00,35,Everton,Chelsea,1,0,0,0,H,,,,
2021-22,2022-05-01,,35,Tottenham Hotspur,Leicester City,3,1,1,0,H,,,,
2021-22,2022-05-01,16:30,35,West Ham United,Arsenal,1,2,1,1,A,,,,
2021-22,2022-05-02,20:00,35,Manchester United,Brentford,3,0,1,0,H,,,,
2021-22,2022-05-07,15:00,36,Brentford,Southampton,3,0,2,0,H,,,,
2021-22,2022-05-07,,36,Burnley,Aston Villa,1,3,0,2,A,,,,
2021-22,2022-05-07,,36,Chelsea,Wolverhampton Wanderers,2,2,0,0,D,,,,
2021-22,2022-05-07,,36,Crystal Palace,Watford,1,0,1,0,H,,,,
2021-22,2022-05-07,17:30,36,Brighton & Hove Albion,Manchester United,4,0,1,0,H,,,,
2021-22,2022-05-07,19:45,36,Liverpool,Tottenham Hotspur,1,1,0,0,D,,,,
2021-22,2022-05-08,14:00,36,Arsenal,Leeds United,2,1,2,0,H,,,,
2021-22,2022-05-08,,36,Leicester City,Everton,1,2,1,2,A,,,,
2021-22,2022-05-08,,36,Norwich City,West Ham United,0,4,0,3,A,,,,
2021-22,2022-05-08,16:30,36,Manchester City,Newcastle United,5,0,2,0,H,,,,
2021-22,2022-05-10,20:00,33,Aston Villa,Liverpool,1,2,1,1,A,,,,
2021-22,2022-05-11,19:30,33,Leeds United,Chelsea,0,3,0,1,A,,,,
2021-22,2022-05-11,19:45,30,Watford,Everton,0,0,,,D,,,,
2021-22,2022-05-11,19:45,21,Leicester City,Norwich City,3,0,0,0,H,,,,
2021-22,2022-05-11,20:15,33,Wolverhampton Wanderers,Manchester City,1,5,1,3,A,,,,
2021-22,2022-05-12,19:45,22,Tottenham Hotspur,Arsenal,3,0,2,0,H,,,,
2021-22,2022-05-15,12:00,37,Tottenham Hotspur,Burnley,1,0,1,0,H,,,,
2021-22,2022-05-15,14:00,37,Aston Villa,Crystal Palace,1,1,0,0,D,,,,
2021-22,2022-05-15,,37,Leeds United,Brighton & Hove Albion,1,1,0,1,D,,,,
2021-22,2022-05-15,,37,Watford,Leicester City,1,5,1,2,A,,,,
2021-22,2022-05-15,,37,West Ham United,Manchester City,2,2,2,0,D,,,,
2021-22,2022-05-15,,37,Wolverhampton Wanderers,Norwich City,1,1,0,1,D,,,,
2021-22,2022-05-15,16:30,37,Everton,Brentford,2,3,2,1,A,,,,
2021-22,2022-05-16,20:00,37,Newcastle United,Arsenal,2,0,0,0,H,,,,
2021-22,2022-05-17,19:45,37,Southampton,Liverpool,1,2,1,1,A,,,,
2021-22,2022-05-19,19:45,33,Everton,Crystal Palace,3,2,0,2,H,,,,
2021-22,2022-05-19,20:00,18,Aston Villa,Burnley,1,1,0,1,D,,,,
2021-22,2022-05-19,20:00,27,Chelsea,Leicester City,1,1,1,1,D,,,,
2021-22,2022-05-22,16:00,38,Norwich City,Tottenham Hotspur,0,5,0,2,A,,,,
2021-22,2022-05-22,,38,Manchester City,Aston Villa,3,2,0,1,H,,,,
2021-22,2022-05-22,,38,Liverpool,Wolverhampton Wanderers,3,1,1,1,H,,,,
2021-22,2022-05-22,,38,Leicester City,Southampton,4,1,0,0,H,,,,
2021-22,2022-05-22,,38,Crystal Palace,Manchester United,1,0,1,0,H,,,,
2021-22,2022-05-22,,38,Chelsea,Watford,2,1,1,0,H,,,,
2021-22,2022-05-22,,38,Burnley,Newcastle United,1,2,0,1,A,,,,
2021-22,2022-05-22,,38,Brighton & Hove Albion,West Ham United,3,1,0,1,H,,,,
2021-22,2022-05-22,,38,Brentford,Leeds United,1,2,0,0,A,,,,
2021-22,2022-05-22,,38,Arsenal,Everton,5,1,2,1,H,,,,
2022-23,2022-08-05,20:00,1,Crystal Palace,Arsenal,0,2,0,1,A,,,,
2022-23,2022-08-06,12:30,1,Fulham,Liverpool,2,2,1,0,D,,,,
2022-23,2022-08-06,15:00,1,Tottenham Hotspur,Southampton,4,1,2,1,H,,,,
2022-23,2022-08-06,,1,Newcastle United,Nottingham Forest,2,0,0,0,H,,,,
2022-23,2022-08-06,,1,Leeds United,Wolverhampton Wanderers,2,1,1,1,H,,,,
2022-23,2022-08-06,,1,Bournemouth,Aston Villa,2,0,1,0,H,,,,
2022-23,2022-08-06,17:30,1,Everton,Chelsea,0,1,0,1,A,,,,
2022-23,2022-08-07,14:00,1,Manchester United,Brighton & Hove Albion,1,2,0,2,A,,,,
2022-23,2022-08-07,,1,Leicester City,Brentford,2,2,1,0,D,,,,
2022-23,2022-08-07,16:30,1,West Ham United,Manchester City,0,2,0,1,A,,,,
2022-23,2022-08-13,12:30,2,Aston Villa,Everton,2,1,1,0,H,,,,
2022-23,2022-08-13,15:00,2,Wolverhampton Wanderers,Fulham,0,0,,,D,,,,
2022-23,2022-08-13,,2,Southampton,Leeds United,2,2,0,0,D,,,,
2022-23,2022-08-13,,2,Manchester City,Bournemouth,4,0,3,0,H,,,,
2022-23,2022-08-13,,2,Brighton & Hove Albion,Newcastle United,0,0,,,D,,,,
2022-23,2022-08-13,,2,Arsenal,Leicester City,4,2,2,0,H,,,,
2022-23,2022-08-13,17:30,2,Brentford,Manchester United,4,0,4,0,H,,,,
2022-23,2022-08-14,14:00,2,Nottingham Forest,West Ham United,1,0,1,0,H,,,,
2022-23,2022-08-14,16:30,2,Chelsea,Tottenham Hotspur,2,2,1,0,D,,,,
2022-23,2022-08-15,20:00,2,Liverpool,Crystal Palace,1,1,0,1,D,,,,
2022-23,2022-08-20,12:30,3,Tottenham Hotspur,Wolverhampton Wanderers,1,0,0,0,H,,,,
2022-23,2022-08-20,15:00,3,Leicester City,Southampton,1,2,0,0,A,,,,
2022-23,2022-08-20,,3,Fulham,Brentford,3,2,2,1,H,,,,
2022-23,2022-08-20,,3,Everton,Nottingham Forest,1,1,0,0,D,,,,
2022-23,2022-08-20,,3,Crystal Palace,Aston Villa,3,1,1,1,H,,,,
2022-23,2022-08-20,17:30,3,Bournemouth,Arsenal,0,3,0,2,A,,,,
2022-23,2022-08-21,14:00,3,West Ham United,Brighton & Hove Albion,0,2,0,1,A,,,,
2022-23,2022-08-21,,3,Leeds United,Chelsea,3,0,2,0,H,,,,
2022-23,2022-08-21,16:30,3,Newcastle United,Manchester City,3,3,2,1,D,,,,
2022-23,2022-08-22,20:00,3,Manchester United,Liverpool,2,1,1,0,H,,,,
2022-23,2022-08-27,12:30,4,Southampton,Manchester United,0,1,0,0,A,,,,
2022-23,2022-08-27,15:00,4,Manchester City,Crystal Palace,4,2,0,2,H,,,,
2022-23,2022-08-27,,4,Liverpool,Bournemouth,9,0,5,0,H,,,,
2022-23,2022-08-27,,4,Chelsea,Leicester City,2,1,0,0,H,,,,
2022-23,2022-08-27,,4,Brighton & Hove Albion,Leeds United,1,0,0,0,H,,,,
2022-23,2022-08-27,,4,Brentford,Everton,1,1,0,1,D,,,,
2022-23,2022-08-27,17:30,4,Arsenal,Fulham,2,1,0,0,H,,,,
2022-23,2022-08-28,14:00,4,Wolverhampton Wanderers,Newcastle United,1,1,1,0,D,,,,
2022-23,2022-08-28,,4,Aston Villa,West Ham United,0,1,0,0,A,,,,
2022-23,2022-08-28,16:30,4,Nottingham Forest,Tottenham Hotspur,0,2,0,1,A,,,,
2022-23,2022-08-30,19:30,5,Crystal Palace,Brentford,1,1,0,0,D,,,,
2022-23,2022-08-30,,5,Fulham,Brighton & Hove Albion,2,1,0,0,H,,,,
2022-23,2022-08-30,19:45,5,Southampton,Chelsea,2,1,2,1,H,,,,
2022-23,2022-08-30,20:00,5,Leeds United,Everton,1,1,0,1,D,,,,
2022-23,2022-08-31,19:30,5,Manchester City,Nottingham Forest,6,0,3,0,H,,,,
2022-23,2022-08-31,,5,Bournemouth,Wolverhampton Wanderers,0,0,,,D,,,,
2022-23,2022-08-31,,5,Arsenal,Aston Villa,2,1,1,0,H,,,,
2022-23,2022-08-31,19:45,5,West Ham United,Tottenham Hotspur,1,1,0,1,D,,,,
2022-23,2022-08-31,20:00,5,Liverpool,Newcastle United,2,1,0,1,H,,,,
2022-23,2022-09-01,20:00,5,Leicester City,Manchester United,0,1,0,1,A,,,,
2022-23,2022-09-03,12:30,6,Everton,Liverpool,0,0,,,D,,,,
2022-23,2022-09-03,15:00,6,Wolverhampton Wanderers,Southampton,1,0,1,0,H,,,,
2022-23,2022-09-03,,6,Tottenham Hotspur,Fulham,2,1,1,0,H,,,,
2022-23,2022-09-03,,6,Nottingham Forest,Bournemouth,2,3,2,0,A,,,,
2022-23,2022-09-03,,6,Newcastle United,Crystal Palace,0,0,,,D,,,,
2022-23,2022-09-03,,6,Chelsea,West Ham United,2,1,0,0,H,,,,
2022-23,2022-09-03,,6,Brentford,Leeds United,5,2,2,1,H,,,,
2022-23,2022-09-03,17:30,6,Aston Villa,Manchester City,1,1,0,0,D,,,,
2022-23,2022-09-04,14:00,6,Brighton & Hove Albion,Leicester City,5,2,2,2,H,,,,
2022-23,2022-09-04,16:30,6,Manchester United,Arsenal,3,1,1,0,H,,,,
2022-23,2022-09-16,20:00,8,Nottingham Forest,Fulham,2,3,1,0,A,,,,
2022-23,2022-09-16,,8,Aston Villa,Southampton,1,0,1,0,H,,,,
2022-23,2022-09-17,12:30,8,Wolverhampton Wanderers,Manchester City,0,3,0,2,A,,,,
2022-23,2022-09-17,15:00,8,Newcastle United,Bournemouth,1,1,0,0,D,,,,
2022-23,2022-09-17,17:30,8,Tottenham Hotspur,Leicester City,6,2,2,2,H,,,,
2022-23,2022-09-18,12:00,8,Brentford,Arsenal,0,3,0,2,A,,,,
2022-23,2022-09-18,14:15,8,Everton,West Ham United,1,0,0,0,H,,,,
2022-23,2022-10-01,12:30,9,Arsenal,Tottenham Hotspur,3,1,1,1,H,,,,
2022-23,2022-10-01,15:00,9,Southampton,Everton,1,2,0,0,A,,,,
2022-23,2022-10-01,,9,Liverpool,Brighton & Hove Albion,3,3,1,2,D,,,,
2022-23,2022-10-01,,9,Fulham,Newcastle United,1,4,0,3,A,,,,
2022-23,2022-10-01,,9,Crystal Palace,Chelsea,1,2,1,1,A,,,,
2022-23,2022-10-01,,9,Bournemouth,Brentford,0,0,,,D,,,,
2022-23,2022-10-01,17:30,9,West Ham United,Wolverhampton Wanderers,2,0,1,0,H,,,,
2022-23,2022-10-02,14:00,9,Manchester City,Manchester United,6,3,4,0,H,,,,
2022-23,2022-10-02,16:30,9,Leeds United,Aston Villa,0,0,,,D,,,,
2022-23,2022-10-03,20:00,9,Leicester City,Nottingham Forest,4,0,3,0,H,,,,
2022-23,2022-10-08,15:00,10,Newcastle United,Brentford,5,1,2,0,H,,,,
2022-23,2022-10-08,,10,Manchester City,Southampton,4,0,2,0,H,,,,
2022-23,2022-10-08,,10,Chelsea,Wolverhampton Wanderers,3,0,1,0,H,,,,
2022-23,2022-10-08,,10,Bournemouth,Leicester City,2,1,0,1,H,,,,
2022-23,2022-10-08,17:30,10,Brighton & Hove Albion,Tottenham Hotspur,0,1,0,1,A,,,,
2022-23,2022-10-09,14:00,10,West Ham United,Fulham,3,1,1,1,H,,,,
2022-23,2022-10-09,,10,Crystal Palace,Leeds United,2,1,1,1,H,,,,
2022-23,2022-10-09,16:30,10,Arsenal,Liverpool,3,2,2,1,H,,,,
2022-23,2022-10-09,19:00,10,Everton,Manchester United,1,2,1,2,A,,,,
2022-23,2022-10-10,20:00,10,Nottingham Forest,Aston Villa,1,1,1,1,D,,,,
2022-23,2022-10-14,20:00,11,Brentford,Brighton & Hove Albion,2,0,1,0,H,,,,
2022-23,2022-10-15,12:30,11,Leicester City,Crystal Palace,0,0,,,D,,,,
2022-23,2022-10-15,15:00,11,Wolverhampton Wanderers,Nottingham Forest,1,0,0,0,H,,,,
2022-23,2022-10-15,,11,Fulham,Bournemouth,2,2,1,2,D,,,,
2022-23,2022-10-15,17:30,11,Tottenham Hotspur,Everton,2,0,0,0,H,,,,
2022-23,2022-10-16,14:00,11,Southampton,West Ham United,1,1,1,0,D,,,,
2022-23,2022-10-16,,11,Manchester United,Newcastle United,0,0,,,D,,,,
2022-23,2022-10-16,,11,Leeds United,Arsenal,0,1,0,1,A,,,,
2022-23,2022-10-16,,11,Aston Villa,Chelsea,0,2,0,1,A,,,,
2022-23,2022-10-16,16:30,11,Liverpool,Manchester City,1,0,0,0,H,,,,
2022-23,2022-10-18,19:30,12,Brighton & Hove Albion,Nottingham Forest,0,0,,,D,,,,
2022-23,2022-10-18,20:15,12,Crystal Palace,Wolverhampton Wanderers,2,1,0,1,H,,,,
2022-23,2022-10-19,19:30,12,Liverpool,West Ham United,1,0,1,0,H,,,,
2022-23,2022-10-19,,12,Newcastle United,Everton,1,0,1,0,H,,,,
2022-23,2022-10-19,,12,Brentford,Chelsea,0,0,,,D,,,,
2022-23,2022-10-19,,12,Bournemouth,Southampton,0,1,0,1,A,,,,
2022-23,2022-10-19,20:15,12,Manchester United,Tottenham Hotspur,2,0,0,0,H,,,,
2022-23,2022-10-20,19:30,12,Fulham,Aston Villa,3,0,1,0,H,,,,
2022-23,2022-10-20,20:15,12,Leicester City,Leeds United,2,0,2,0,H,,,,
2022-23,2022-10-22,12:30,13,Nottingham Forest,Liverpool,1,0,0,0,H,,,,
2022-23,2022-10-22,15:00,13,Manchester City,Brighton & Hove Albion,3,1,2,0,H,,,,
2022-23,2022-10-22,,13,Everton,Crystal Palace,3,0,1,0,H,,,,
2022-23,2022-10-22,17:30,13,Chelsea,Manchester United,1,1,0,0,D,,,,
2022-23,2022-10-23,14:00,13,Southampton,Arsenal,1,1,0,1,D,,,,
2022-23,2022-10-23,,13,Leeds United,Fulham,2,3,1,1,A,,,,
2022-23,2022-10-23,,13,Aston Villa,Brentford,4,0,3,0,H,,,,
2022-23,2022-10-23,,13,Wolverhampton Wanderers,Leicester City,0,4,0,2,A,,,,
2022-23,2022-10-23,16:30,13,Tottenham Hotspur,Newcastle United,1,2,0,2,A,,,,
2022-23,2022-10-24,20:00,13,West Ham United,Bournemouth,2,0,1,0,H,,,,
2022-23,2022-10-29,12:30,14,Leicester City,Manchester City,0,1,0,0,A,,,,
2022-23,2022-10-29,15:00,14,Newcastle United,Aston Villa,4,0,1,0,H,,,,
2022-23,2022-10-29,,14,Crystal Palace,Southampton,1,0,1,0,H,,,,
2022-23,2022-10-29,,14,Brighton & Hove Albion,Chelsea,4,1,3,0,H,,,,
2022-23,2022-10-29,,14,Brentford,Wolverhampton Wanderers,1,1,0,0,D,,,,
2022-23,2022-10-29,,14,Bournemouth,Tottenham Hotspur,2,3,1,0,A,,,,
2022-23,2022-10-29,17:30,14,Fulham,Everton,0,0,,,D,,,,
2022-23,2022-10-29,19:45,14,Liverpool,Leeds United,1,2,1,1,A,,,,
2022-23,2022-10-30,14:00,14,Arsenal,Nottingham Forest,5,0,1,0,H,,,,
2022-23,2022-10-30,16:15,14,Manchester United,West Ham United,1,0,1,0,H,,,,
2022-23,2022-11-05,15:00,15,Wolverhampton Wanderers,Brighton & Hove Albion,2,3,2,2,A,,,,
2022-23,2022-11-05,,15,Nottingham Forest,Brentford,2,2,1,1,D,,,,
2022-23,2022-11-05,,15,Manchester City,Fulham,2,1,1,1,H,,,,
2022-23,2022-11-05,,15,Leeds United,Bournemouth,4,3,1,2,H,,,,
2022-23,2022-11-05,17:30,15,Everton,Leicester City,0,2,0,1,A,,,,
2022-23,2022-11-06,12:00,15,Chelsea,Arsenal,0,1,0,0,A,,,,
2022-23,2022-11-06,14:00,15,West Ham United,Crystal Palace,1,2,1,1,A,,,,
2022-23,2022-11-06,,15,Southampton,Newcastle United,1,4,0,1,A,,,,
2022-23,2022-11-06,,15,Aston Villa,Manchester United,3,1,2,1,H,,,,
2022-23,2022-11-06,16:30,15,Tottenham Hotspur,Liverpool,1,2,0,2,A,,,,
2022-23,2022-11-12,12:30,16,Manchester City,Brentford,1,2,1,1,A,,,,
2022-23,2022-11-12,15:00,16,West Ham United,Leicester City,0,2,0,1,A,,,,
2022-23,2022-11-12,,16,Tottenham Hotspur,Leeds United,4,3,1,2,H,,,,
2022-23,2022-11-12,,16,Nottingham Forest,Crystal Palace,1,0,0,0,H,,,,
2022-23,2022-11-12,,16,Liverpool,Southampton,3,1,3,1,H,,,,
2022-23,2022-11-12,,16,Bournemouth,Everton,3,0,2,0,H,,,,
2022-23,2022-11-12,17:30,16,Newcastle United,Chelsea,1,0,0,0,H,,,,
2022-23,2022-11-12,19:45,16,Wolverhampton Wanderers,Arsenal,0,2,0,0,A,,,,
2022-23,2022-11-13,14:00,16,Brighton & Hove Albion,Aston Villa,1,2,1,1,A,,,,
2022-23,2022-11-13,16:30,16,Fulham,Manchester United,1,2,0,1,A,,,,
2022-23,2022-12-26,12:30,17,Brentford,Tottenham Hotspur,2,2,1,0,D,,,,
2022-23,2022-12-26,15:00,17,Southampton,Brighton & Hove Albion,1,3,0,2,A,,,,
2022-23,2022-12-26,,17,Leicester City,Newcastle United,0,3,0,3,A,,,,
2022-23,2022-12-26,,17,Everton,Wolverhampton Wanderers,1,2,1,1,A,,,,
2022-23,2022-12-26,,17,Crystal Palace,Fulham,0,3,0,1,A,,,,
2022-23,2022-12-26,17:30,17,Aston Villa,Liverpool,1,3,0,2,A,,,,
2022-23,2022-12-26,20:00,17,Arsenal,West Ham United,3,1,0,1,H,,,,
2022-23,2022-12-27,17:30,17,Chelsea,Bournemouth,2,0,2,0,H,,,,
2022-23,2022-12-27,20:00,17,Manchester United,Nottingham Forest,3,0,2,0,H,,,,
2022-23,2022-12-28,20:00,17,Leeds United,Manchester City,1,3,0,1,A,,,,
2022-23,2022-12-30,19:45,18,West Ham United,Brentford,0,2,0,2,A,,,,
2022-23,2022-12-30,20:00,18,Liverpool,Leicester City,2,1,2,1,H,,,,
2022-23,2022-12-31,12:30,18,Wolverhampton Wanderers,Manchester United,0,1,0,0,A,,,,
2022-23,2022-12-31,15:00,18,Newcastle United,Leeds United,0,0,,,D,,,,
2022-23,2022-12-31,,18,Manchester City,Everton,1,1,1,0,D,,,,
2022-23,2022-12-31,,18,Fulham,Southampton,2,1,1,0,H,,,,
2022-23,2022-12-31,,18,Bournemouth,Crystal Palace,0,2,0,2,A,,,,
2022-23,2022-12-31,17:30,18,Brighton & Hove Albion,Arsenal,2,4,0,2,A,,,,
2022-23,2023-01-01,14:00,18,Tottenham Hotspur,Aston Villa,0,2,0,0,A,,,,
2022-23,2023-01-01,16:30,18,Nottingham Forest,Chelsea,1,1,0,1,D,,,,
2022-23,2023-01-02,17:30,19,Brentford,Liverpool,3,1,2,0,H,,,,
2022-23,2023-01-03,19:45,19,Leicester City,Fulham,0,1,0,1,A,,,,
2022-23,2023-01-03,,19,Everton,Brighton & Hove Albion,1,4,0,1,A,,,,
2022-23,2023-01-03,,19,Arsenal,Newcastle United,0,0,,,D,,,,
2022-23,2023-01-03,20:00,19,Manchester United,Bournemouth,3,0,1,0,H,,,,
2022-23,2023-01-04,19:30,19,Southampton,Nottingham Forest,0,1,0,1,A,,,,
2022-23,2023-01-04,19:45,19,Leeds United,West Ham United,2,2,1,1,D,,,,
2022-23,2023-01-04,20:00,19,Crystal Palace,Tottenham Hotspur,0,4,0,0,A,,,,
2022-23,2023-01-04,,19,Aston Villa,Wolverhampton Wanderers,1,1,0,1,D,,,,
2022-23,2023-01-05,20:00,19,Chelsea,Manchester City,0,1,0,0,A,,,,
2022-23,2023-01-12,20:00,7,Fulham,Chelsea,2,1,1,0,H,,,,
2022-23,2023-01-13,20:00,20,Aston Villa,Leeds United,2,1,1,0,H,,,,
2022-23,2023-01-14,12:30,20,Manchester United,Manchester City,2,1,0,0,H,,,,
2022-23,2023-01-14,15:00,20,Wolverhampton Wanderers,West Ham United,1,0,0,0,H,,,,
2022-23,2023-01-14,,20,Nottingham Forest,Leicester City,2,0,0,0,H,,,,
2022-23,2023-01-14,,20,Everton,Southampton,1,2,1,0,A,,,,
2022-23,2023-01-14,,20,Brighton & Hove Albion,Liverpool,3,0,0,0,H,,,,
2022-23,2023-01-14,17:30,20,Brentford,Bournemouth,2,0,1,0,H,,,,
2022-23,2023-01-15,14:00,20,Newcastle United,Fulham,1,0,0,0,H,,,,
2022-23,2023-01-15,,20,Chelsea,Crystal Palace,1,0,0,0,H,,,,
2022-23,2023-01-15,16:30,20,Tottenham Hotspur,Arsenal,0,2,0,2,A,,,,
2022-23,2023-01-18,20:00,7,Crystal Palace,Manchester United,1,1,0,1,D,,,,
2022-23,2023-01-19,20:00,7,Manchester City,Tottenham Hotspur,4,2,0,2,H,,,,
2022-23,2023-01-21,12:30,21,Liverpool,Chelsea,0,0,,,D,,,,
2022-23,2023-01-21,15:00,21,West Ham United,Everton,2,0,2,0,H,,,,
2022-23,2023-01-21,,21,Southampton,Aston Villa,0,1,0,0,A,,,,
2022-23,2023-01-21,,21,Leicester City,Brighton & Hove Albion,2,2,1,1,D,,,,
2022-23,2023-01-21,,21,Bournemouth,Nottingham Forest,1,1,1,0,D,,,,
2022-23,2023-01-21,17:30,21,Crystal Palace,Newcastle United,0,0,,,D,,,,
2022-23,2023-01-22,14:00,21,Manchester City,Wolverhampton Wanderers,3,0,1,0,H,,,,
2022-23,2023-01-22,,21,Leeds United,Brentford,0,0,,,D,,,,
2022-23,2023-01-22,16:30,21,Arsenal,Manchester United,3,2,1,1,H,,,,
2022-23,2023-01-23,20:15,21,Fulham,Tottenham Hotspur,0,1,0,1,A,,,,
2022-23,2023-02-03,20:00,22,Chelsea,Fulham,0,0,,,D,,,,
2022-23,2023-02-04,12:30,22,Everton,Arsenal,1,0,0,0,H,,,,
2022-23,2023-02-04,15:00,22,Wolverhampton Wanderers,Liverpool,3,0,2,0,H,,,,
2022-23,2023-02-04,,22,Manchester United,Crystal Palace,2,1,1,0,H,,,,
2022-23,2023-02-04,,22,Brighton & Hove Albion,Bournemouth,1,0,0,0,H,,,,
2022-23,2023-02-04,,22,Brentford,Southampton,3,0,2,0,H,,,,
2022-23,2023-02-04,,22,Aston Villa,Leicester City,2,4,2,3,A,,,,
2022-23,2023-02-04,17:30,22,Newcastle United,West Ham United,1,1,1,1,D,,,,
2022-23,2023-02-05,14:00,22,Nottingham Forest,Leeds United,1,0,1,0,H,,,,
2022-23,2023-02-05,16:30,22,Tottenham Hotspur,Manchester City,1,0,1,0,H,,,,
2022-23,2023-02-08,20:00,8,Manchester United,Leeds United,2,2,0,1,D,,,,
2022-23,2023-02-11,12:30,23,West Ham United,Chelsea,1,1,1,1,D,,,,
2022-23,2023-02-11,15:00,23,Southampton,Wolverhampton Wanderers,1,2,1,0,A,,,,
2022-23,2023-02-11,,23,Leicester City,Tottenham Hotspur,4,1,3,1,H,,,,
2022-23,2023-02-11,,23,Fulham,Nottingham Forest,2,0,1,0,H,,,,
2022-23,2023-02-11,,23,Crystal Palace,Brighton & Hove Albion,1,1,0,0,D,,,,
2022-23,2023-02-11,,23,Arsenal,Brentford,1,1,0,0,D,,,,
2022-23,2023-02-11,17:30,23,Bournemouth,Newcastle United,1,1,1,1,D,,,,
2022-23,2023-02-12,14:00,23,Leeds United,Manchester United,0,2,0,0,A,,,,
2022-23,2023-02-12,16:30,23,Manchester City,Aston Villa,3,1,3,0,H,,,,
2022-23,2023-02-13,20:00,23,Liverpool,Everton,2,0,1,0,H,,,,
2022-23,2023-02-15,19:30,12,Arsenal,Manchester City,1,3,1,1,A,,,,
2022-23,2023-02-18,12:30,24,Aston Villa,Arsenal,2,4,2,1,A,,,,
2022-23,2023-02-18,15:00,24,Wolverhampton Wanderers,Bournemouth,0,1,0,0,A,,,,
2022-23,2023-02-18,,24,Nottingham Forest,Manchester City,1,1,0,1,D,,,,
2022-23,2023-02-18,,24,Everton,Leeds United,1,0,0,0,H,,,,
2022-23,2023-02-18,,24,Chelsea,Southampton,0,1,0,1,A,,,,
2022-23,2023-02-18,,24,Brighton & Hove Albion,Fulham,0,1,0,0,A,,,,
2022-23,2023-02-18,,24,Brentford,Crystal Palace,1,1,0,0,D,,,,
2022-23,2023-02-18,17:30,24,Newcastle United,Liverpool,0,2,0,2,A,,,,
2022-23,2023-02-19,14:00,24,Manchester United,Leicester City,3,0,1,0,H,,,,
2022-23,2023-02-19,16:30,24,Tottenham Hotspur,West Ham United,2,0,0,0,H,,,,
2022-23,2023-02-24,20:00,25,Fulham,Wolverhampton Wanderers,1,1,0,1,D,,,,
2022-23,2023-02-25,15:00,25,West Ham United,Nottingham Forest,4,0,0,0,H,,,,
2022-23,2023-02-25,,25,Leicester City,Arsenal,0,1,0,0,A,,,,
2022-23,2023-02-25,,25,Leeds United,Southampton,1,0,0,0,H,,,,
2022-23,2023-02-25,,25,Everton,Aston Villa,0,2,0,0,A,,,,
2022-23,2023-02-25,17:30,25,Bournemouth,Manchester City,1,4,0,3,A,,,,
2022-23,2023-02-25,19:45,25,Crystal Palace,Liverpool,0,0,,,D,,,,
2022-23,2023-02-26,13:30,25,Tottenham Hotspur,Chelsea,2,0,0,0,H,,,,
2022-23,2023-03-01,19:45,7,Arsenal,Everton,4,0,2,0,H,,,,
2022-23,2023-03-01,20:00,7,Liverpool,Wolverhampton Wanderers,2,0,0,0,H,,,,
2022-23,2023-03-04,12:30,26,Manchester City,Newcastle United,2,0,1,0,H,,,,
2022-23,2023-03-04,15:00,26,Wolverhampton Wanderers,Tottenham Hotspur,1,0,0,0,H,,,,
2022-23,2023-03-04,,26,Chelsea,Leeds United,1,0,0,0,H,,,,
2022-23,2023-03-04,,26,Brighton & Hove Albion,West Ham United,4,0,1,0,H,,,,
2022-23,2023-03-04,,26,Aston Villa,Crystal Palace,1,0,1,0,H,,,,
2022-23,2023-03-04,,26,Arsenal,Bournemouth,3,2,0,1,H,,,,
2022-23,2023-03-04,17:30,26,Southampton,Leicester City,1,0,1,0,H,,,,
2022-23,2023-03-05,14:00,26,Nottingham Forest,Everton,2,2,1,2,D,,,,
2022-23,2023-03-05,16:30,26,Liverpool,Manchester United,7,0,1,0,H,,,,
2022-23,2023-03-06,20:00,26,Brentford,Fulham,3,2,1,1,H,,,,
2022-23,2023-03-11,12:30,27,Bournemouth,Liverpool,1,0,1,0,H,,,,
2022-23,2023-03-11,15:00,27,Tottenham Hotspur,Nottingham Forest,3,1,2,0,H,,,,
2022-23,2023-03-11,,27,Leicester City,Chelsea,1,3,1,2,A,,,,
2022-23,2023-03-11,,27,Leeds United,Brighton & Hove Albion,2,2,1,1,D,,,,
2022-23,2023-03-11,,27,Everton,Brentford,1,0,1,0,H,,,,
2022-23,2023-03-11,17:30,27,Crystal Palace,Manchester City,0,1,0,0,A,,,,
2022-23,2023-03-12,14:00,27,West Ham United,Aston Villa,1,1,1,1,D,,,,
2022-23,2023-03-12,,27,Manchester United,Southampton,0,0,,,D,,,,
2022-23,2023-03-12,,27,Fulham,Arsenal,0,3,0,3,A,,,,
2022-23,2023-03-12,16:30,27,Newcastle United,Wolverhampton Wanderers,2,1,1,0,H,,,,
2022-23,2023-03-15,19:30,8,Brighton & Hove Albion,Crystal Palace,1,0,1,0,H,,,,
2022-23,2023-03-15,19:30,7,Southampton,Brentford,0,2,0,1,A,,,,
2022-23,2023-03-17,20:00,28,Nottingham Forest,Newcastle United,1,2,1,1,A,,,,
2022-23,2023-03-18,15:00,28,Wolverhampton Wanderers,Leeds United,2,4,0,1,A,,,,
2022-23,2023-03-18,,28,Southampton,Tottenham Hotspur,3,3,0,1,D,,,,
2022-23,2023-03-18,,28,Brentford,Leicester City,1,1,1,0,D,,,,
2022-23,2023-03-18,,28,Aston Villa,Bournemouth,3,0,1,0,H,,,,
2022-23,2023-03-18,17:30,28,Chelsea,Everton,2,2,0,0,D,,,,
2022-23,2023-03-19,14:00,28,Arsenal,Crystal Palace,4,1,2,0,H,,,,
2022-23,2023-04-01,12:30,29,Manchester City,Liverpool,4,1,1,1,H,,,,
2022-23,2023-04-01,15:00,29,Nottingham Forest,Wolverhampton Wanderers,1,1,1,0,D,,,,
2022-23,2023-04-01,,29,Crystal Palace,Leicester City,2,1,0,0,H,,,,
2022-23,2023-04-01,,29,Brighton & Hove Albion,Brentford,3,3,2,2,D,,,,
2022-23,2023-04-01,,29,Bournemouth,Fulham,2,1,0,1,H,,,,
2022-23,2023-04-01,,29,Arsenal,Leeds United,4,1,1,0,H,,,,
2022-23,2023-04-01,17:30,29,Chelsea,Aston Villa,0,2,0,1,A,,,,
2022-23,2023-04-02,14:00,29,West Ham United,Southampton,1,0,1,0,H,,,,
2022-23,2023-04-02,16:30,29,Newcastle United,Manchester United,2,0,0,0,H,,,,
2022-23,2023-04-03,20:00,29,Everton,Tottenham Hotspur,1,1,0,0,D,,,,
2022-23,2023-04-04,19:45,7,Leicester City,Aston Villa,1,2,1,1,A,,,,
2022-23,2023-04-04,,7,Leeds United,Nottingham Forest,2,1,2,1,H,,,,
2022-23,2023-04-04,,7,Bournemouth,Brighton & Hove Albion,0,2,0,1,A,,,,
2022-23,2023-04-04,20:00,8,Chelsea,Liverpool,0,0,,,D,,,,
2022-23,2023-04-05,20:00,7,West Ham United,Newcastle United,1,5,1,2,A,,,,
2022-23,2023-04-05,20:00,25,Manchester United,Brentford,1,0,1,0,H,,,,
2022-23,2023-04-08,12:30,30,Manchester United,Everton,2,0,1,0,H,,,,
2022-23,2023-04-08,15:00,30,Wolverhampton Wanderers,Chelsea,1,0,1,0,H,,,,
2022-23,2023-04-08,,30,Tottenham Hotspur,Brighton & Hove Albion,2,1,1,1,H,,,,
2022-23,2023-04-08,,30,Leicester City,Bournemouth,0,1,0,1,A,,,,
2022-23,2023-04-08,,30,Fulham,West Ham United,0,1,0,1,A,,,,
2022-23,2023-04-08,,30,Brentford,Newcastle United,1,2,1,0,A,,,,
2022-23,2023-04-08,,30,Aston Villa,Nottingham Forest,2,0,0,0,H,,,,
2022-23,2023-04-08,17:30,30,Southampton,Manchester City,1,4,0,1,A,,,,
2022-23,2023-04-09,14:00,30,Leeds United,Crystal Palace,1,5,1,1,A,,,,
2022-23,2023-04-09,16:30,30,Liverpool,Arsenal,2,2,1,2,D,,,,
2022-23,2023-04-15,12:30,31,Aston Villa,Newcastle United,3,0,1,0,H,,,,
2022-23,2023-04-15,15:00,31,Wolverhampton Wanderers,Brentford,2,0,1,0,H,,,,
2022-23,2023-04-15,,31,Southampton,Crystal Palace,0,2,0,0,A,,,,
2022-23,2023-04-15,,31,Everton,Fulham,1,3,1,1,A,,,,
2022-23,2023-04-15,,31,Chelsea,Brighton & Hove Albion,1,2,1,1,A,,,,
2022-23,2023-04-15,15:15,31,Tottenham Hotspur,Bournemouth,2,3,1,1,A,,,,
2022-23,2023-04-15,17:30,31,Manchester City,Leicester City,3,1,3,0,H,,,,
2022-23,2023-04-16,14:00,31,West Ham United,Arsenal,2,2,1,2,D,,,,
2022-23,2023-04-16,16:30,31,Nottingham Forest,Manchester United,0,2,0,1,A,,,,
2022-23,2023-04-17,20:00,31,Leeds United,Liverpool,1,6,0,2,A,,,,
2022-23,2023-04-21,20:00,32,Arsenal,Southampton,3,3,1,2,D,,,,
2022-23,2023-04-22,12:30,32,Fulham,Leeds United,2,1,0,0,H,,,,
2022-23,2023-04-22,15:00,32,Liverpool,Nottingham Forest,3,2,0,0,H,,,,
2022-23,2023-04-22,,32,Leicester City,Wolverhampton Wanderers,2,1,1,1,H,,,,
2022-23,2023-04-22,,32,Crystal Palace,Everton,0,0,,,D,,,,
2022-23,2023-04-22,,32,Brentford,Aston Villa,1,1,0,0,D,,,,
2022-23,2023-04-23,14:00,32,Newcastle United,Tottenham Hotspur,6,1,5,0,H,,,,
2022-23,2023-04-23,,32,Bournemouth,West Ham United,0,4,0,3,A,,,,
2022-23,2023-04-25,19:30,33,Wolverhampton Wanderers,Crystal Palace,2,0,1,0,H,,,,
2022-23,2023-04-25,19:45,33,Aston Villa,Fulham,1,0,1,0,H,,,,
2022-23,2023-04-25,20:00,33,Leeds United,Leicester City,1,1,1,0,D,,,,
2022-23,2023-04-26,19:30,33,Nottingham Forest,Brighton & Hove Albion,3,1,1,1,H,,,,
2022-23,2023-04-26,19:45,33,Chelsea,Brentford,0,2,0,1,A,,,,
2022-23,2023-04-26,,33,West Ham United,Liverpool,1,2,1,1,A,,,,
2022-23,2023-04-26,20:00,33,Manchester City,Arsenal,4,1,2,0,H,,,,
2022-23,2023-04-27,19:45,33,Southampton,Bournemouth,0,1,0,0,A,,,,
2022-23,2023-04-27,,33,Everton,Newcastle United,1,4,0,1,A,,,,
2022-23,2023-04-27,20:15,33,Tottenham Hotspur,Manchester United,2,2,0,2,D,,,,
2022-23,2023-04-29,12:45,34,Crystal Palace,West Ham United,4,3,3,2,H,,,,
2022-23,2023-04-29,15:00,34,Brighton & Hove Albion,Wolverhampton Wanderers,6,0,4,0,H,,,,
2022-23,2023-04-29,,34,Brentford,Nottingham Forest,2,1,0,1,H,,,,
2022-23,2023-04-30,14:00,34,Newcastle United,Southampton,3,1,0,1,H,,,,
2022-23,2023-04-30,,34,Manchester United,Aston Villa,1,0,1,0,H,,,,
2022-23,2023-04-30,,34,Fulham,Manchester City,1,2,1,2,A,,,,
2022-23,2023-04-30,,34,Bournemouth,Leeds United,4,1,2,1,H,,,,
2022-23,2023-04-30,16:30,34,Liverpool,Tottenham Hotspur,4,3,3,1,H,,,,
2022-23,2023-05-01,20:00,34,Leicester City,Everton,2,2,2,1,D,,,,
2022-23,2023-05-02,20:00,34,Arsenal,Chelsea,3,1,3,0,H,,,,
2022-23,2023-05-03,20:00,28,Manchester City,West Ham United,3,0,0,0,H,,,,
2022-23,2023-05-03,,28,Liverpool,Fulham,1,0,1,0,H,,,,
2022-23,2023-05-04,20:00,28,Brighton & Hove Albion,Manchester United,1,0,0,0,H,,,,
2022-23,2023-05-06,15:00,35,Wolverhampton Wanderers,Aston Villa,1,0,1,0,H,,,,
2022-23,2023-05-06,,35,Tottenham Hotspur,Crystal Palace,1,0,1,0,H,,,,
2022-23,2023-05-06,,35,Manchester City,Leeds United,2,1,2,0,H,,,,
2022-23,2023-05-06,,35,Bournemouth,Chelsea,1,3,1,1,A,,,,
2022-23,2023-05-06,17:30,35,Liverpool,Brentford,1,0,1,0,H,,,,
2022-23,2023-05-07,16:30,35,Newcastle United,Arsenal,0,2,0,1,A,,,,
2022-23,2023-05-07,19:00,35,West Ham United,Manchester United,1,0,1,0,H,,,,
2022-23,2023-05-08,15:00,35,Fulham,Leicester City,5,3,3,0,H,,,,
2022-23,2023-05-08,17:30,35,Brighton & Hove Albion,Everton,1,5,0,3,A,,,,
2022-23,2023-05-08,20:00,35,Nottingham Forest,Southampton,4,3,3,1,H,,,,
2022-23,2023-05-13,12:30,36,Leeds United,Newcastle United,2,2,1,1,D,,,,
2022-23,2023-05-13,15:00,36,Southampton,Fulham,0,2,0,0,A,,,,
2022-23,2023-05-13,,36,Manchester United,Wolverhampton Wanderers,2,0,1,0,H,,,,
2022-23,2023-05-13,,36,Crystal Palace,Bournemouth,2,0,1,0,H,,,,
2022-23,2023-05-13,,36,Chelsea,Nottingham Forest,2,2,0,1,D,,,,
2022-23,2023-05-13,,36,Aston Villa,Tottenham Hotspur,2,1,1,0,H,,,,
2022-23,2023-05-14,14:00,36,Everton,Manchester City,0,3,0,2,A,,,,
2022-23,2023-05-14,,36,Brentford,West Ham United,2,0,2,0,H,,,,
2022-23,2023-05-14,16:30,36,Arsenal,Brighton & Hove Albion,0,3,0,0,A,,,,
2022-23,2023-05-15,20:00,36,Leicester City,Liverpool,0,3,0,2,A,,,,
2022-23,2023-05-18,19:30,25,Newcastle United,Brighton & Hove Albion,4,1,2,0,H,,,,
2022-23,2023-05-20,12:30,37,Tottenham Hotspur,Brentford,1,3,1,0,A,,,,
2022-23,2023-05-20,15:00,37,Wolverhampton Wanderers,Everton,1,1,1,0,D,,,,
2022-23,2023-05-20,,37,Liverpool,Aston Villa,1,1,0,1,D,,,,
2022-23,2023-05-20,,37,Fulham,Crystal Palace,2,2,1,1,D,,,,
2022-23,2023-05-20,,37,Bournemouth,Manchester United,0,1,0,1,A,,,,
2022-23,2023-05-20,17:30,37,Nottingham Forest,Arsenal,1,0,1,0,H,,,,
2022-23,2023-05-21,13:30,37,West Ham United,Leeds United,3,1,1,1,H,,,,
2022-23,2023-05-21,14:00,37,Brighton & Hove Albion,Southampton,3,1,2,0,H,,,,
2022-23,2023-05-21,16:00,37,Manchester City,Chelsea,1,0,1,0,H,,,,
2022-23,2023-05-22,20:00,37,Newcastle United,Leicester City,0,0,,,D,,,,
2022-23,2023-05-24,20:00,32,Brighton & Hove Albion,Manchester City,1,1,1,1,D,,,,
2022-23,2023-05-25,20:00,32,Manchester United,Chelsea,4,1,2,0,H,,,,
2022-23,2023-05-28,16:30,38,Southampton,Liverpool,4,4,2,2,D,,,,
2022-23,2023-05-28,,38,Manchester United,Fulham,2,1,1,1,H,,,,
2022-23,2023-05-28,,38,Leicester City,West Ham United,2,1,1,0,H,,,,
2022-23,2023-05-28,,38,Leeds United,Tottenham Hotspur,1,4,0,1,A,,,,
2022-23,2023-05-28,,38,Everton,Bournemouth,1,0,0,0,H,,,,
2022-23,2023-05-28,,38,Crystal Palace,Nottingham Forest,1,1,0,1,D,,,,
2022-23,2023-05-28,,38,Chelsea,Newcastle United,1,1,1,1,D,,,,
2022-23,2023-05-28,,38,Brentford,Manchester City,1,0,0,0,H,,,,
2022-23,2023-05-28,,38,Aston Villa,Brighton & Hove Albion,2,1,2,1,H,,,,
2022-23,2023-05-28,,38,Arsenal,Wolverhampton Wanderers,5,0,3,0,H,,,,
2023-24,2023-08-11,20:00,1,Burnley,Manchester City,0,3,0,2,A,,,,
2023-24,2023-08-12,13:00,1,Arsenal,Nottingham Forest,2,1,2,0,H,,,,
2023-24,2023-08-12,15:00,1,Bournemouth,West Ham United,1,1,0,0,D,,,,
2023-24,2023-08-12,,1,Brighton & Hove Albion,Luton Town,4,1,1,0,H,,,,
2023-24,2023-08-12,,1,Everton,Fulham,0,1,0,0,A,,,,
2023-24,2023-08-12,,1,Sheffield United,Crystal Palace,0,1,0,0,A,,,,
2023-24,2023-08-12,17:30,1,Newcastle United,Aston Villa,5,1,2,1,H,,,,
2023-24,2023-08-13,14:00,1,Brentford,Tottenham Hotspur,2,2,2,2,D,,,,
2023-24,2023-08-13,16:30,1,Chelsea,Liverpool,1,1,1,1,D,,,,
2023-24,2023-08-14,20:00,1,Manchester United,Wolverhampton Wanderers,1,0,0,0,H,,,,
2023-24,2023-08-18,19:45,2,Nottingham Forest,Sheffield United,2,1,1,0,H,,,,
2023-24,2023-08-19,15:00,2,Fulham,Brentford,0,3,0,1,A,,,,
2023-24,2023-08-19,,2,Liverpool,Bournemouth,3,1,2,1,H,,,,
2023-24,2023-08-19,,2,Wolverhampton Wanderers,Brighton & Hove Albion,1,4,0,1,A,,,,
2023-24,2023-08-19,17:30,2,Tottenham Hotspur,Manchester United,2,0,0,0,H,,,,
2023-24,2023-08-19,20:00,2,Manchester City,Newcastle United,1,0,1,0,H,,,,
2023-24,2023-08-20,14:00,2,Aston Villa,Everton,4,0,2,0,H,,,,
2023-24,2023-08-20,16:30,2,West Ham United,Chelsea,3,1,1,1,H,,,,
2023-24,2023-08-21,20:00,2,Crystal Palace,Arsenal,0,1,0,0,A,,,,
2023-24,2023-08-25,20:00,3,Chelsea,Luton Town,3,0,1,0,H,,,,
2023-24,2023-08-26,12:30,3,Bournemouth,Tottenham Hotspur,0,2,0,1,A,,,,
2023-24,2023-08-26,15:00,3,Everton,Wolverhampton Wanderers,0,1,0,0,A,,,,
2023-24,2023-08-26,,3,Manchester United,Nottingham Forest,3,2,1,2,H,,,,
2023-24,2023-08-26,,3,Arsenal,Fulham,2,2,0,1,D,,,,
2023-24,2023-08-26,,3,Brentford,Crystal Palace,1,1,1,0,D,,,,
2023-24,2023-08-26,17:30,3,Brighton & Hove Albion,West Ham United,1,3,0,1,A,,,,
2023-24,2023-08-27,14:00,3,Sheffield United,Manchester City,1,2,0,0,A,,,,
2023-24,2023-08-27,,3,Burnley,Aston Villa,1,3,0,2,A,,,,
2023-24,2023-08-27,16:30,3,Newcastle United,Liverpool,1,2,1,0,A,,,,
2023-24,2023-09-01,20:00,4,Luton Town,West Ham United,1,2,0,1,A,,,,
2023-24,2023-09-02,12:30,4,Sheffield United,Everton,2,2,2,1,D,,,,
2023-24,2023-09-02,15:00,4,Brentford,Bournemouth,2,2,1,1,D,,,,
2023-24,2023-09-02,,4,Burnley,Tottenham Hotspur,2,5,1,2,A,,,,
2023-24,2023-09-02,,4,Chelsea,Nottingham Forest,0,1,0,0,A,,,,
2023-24,2023-09-02,,4,Manchester City,Fulham,5,1,2,1,H,,,,
2023-24,2023-09-02,17:30,4,Brighton & Hove Albion,Newcastle United,3,1,1,0,H,,,,
2023-24,2023-09-03,14:00,4,Crystal Palace,Wolverhampton Wanderers,3,2,0,0,H,,,,
2023-24,2023-09-03,,4,Liverpool,Aston Villa,3,0,2,0,H,,,,
2023-24,2023-09-03,16:30,4,Arsenal,Manchester United,3,1,1,1,H,,,,
2023-24,2023-09-16,12:30,5,Wolverhampton Wanderers,Liverpool,1,3,1,0,A,,,,
2023-24,2023-09-16,15:00,5,Aston Villa,Crystal Palace,3,1,0,0,H,,,,
2023-24,2023-09-16,,5,Fulham,Luton Town,1,0,0,0,H,,,,
2023-24,2023-09-16,,5,Manchester United,Brighton & Hove Albion,1,3,0,1,A,,,,
2023-24,2023-09-16,,5,Tottenham Hotspur,Sheffield United,2,1,0,0,H,,,,
2023-24,2023-09-16,,5,West Ham United,Manchester City,1,3,1,0,A,,,,
2023-24,2023-09-16,17:30,5,Newcastle United,Brentford,1,0,0,0,H,,,,
2023-24,2023-09-17,14:00,5,Bournemouth,Chelsea,0,0,,,D,,,,
2023-24,2023-09-17,16:30,5,Everton,Arsenal,0,1,0,0,A,,,,
2023-24,2023-09-18,19:45,5,Nottingham Forest,Burnley,1,1,0,1,D,,,,
2023-24,2023-09-23,15:00,6,Crystal Palace,Fulham,0,0,,,D,,,,
2023-24,2023-09-23,,6,Luton Town,Wolverhampton Wanderers,1,1,0,0,D,,,,
2023-24,2023-09-23,,6,Manchester City,Nottingham Forest,2,0,2,0,H,,,,
2023-24,2023-09-23,17:30,6,Brentford,Everton,1,3,1,1,A,,,,
2023-24,2023-09-23,20:00,6,Burnley,Manchester United,0,1,0,1,A,,,,
2023-24,2023-09-24,14:00,6,Arsenal,Tottenham Hotspur,2,2,1,1,D,,,,
2023-24,2023-09-24,,6,Brighton & Hove Albion,Bournemouth,3,1,1,1,H,,,,
2023-24,2023-09-24,,6,Chelsea,Aston Villa,0,1,0,0,A,,,,
2023-24,2023-09-24,,6,Liverpool,West Ham United,3,1,1,1,H,,,,
2023-24,2023-09-24,16:30,6,Sheffield United,Newcastle United,0,8,0,3,A,,,,
2023-24,2023-09-30,12:30,7,Aston Villa,Brighton & Hove Albion,6,1,3,0,H,,,,
2023-24,2023-09-30,15:00,7,Bournemouth,Arsenal,0,4,0,2,A,,,,
2023-24,2023-09-30,,7,Everton,Luton Town,1,2,1,2,A,,,,
2023-24,2023-09-30,,7,Manchester United,Crystal Palace,0,1,0,1,A,,,,
2023-24,2023-09-30,,7,Newcastle United,Burnley,2,0,1,0,H,,,,
2023-24,2023-09-30,,7,West Ham United,Sheffield United,2,0,2,0,H,,,,
2023-24,2023-09-30,,7,Wolverhampton Wanderers,Manchester City,2,1,1,0,H,,,,
2023-24,2023-09-30,17:30,7,Tottenham Hotspur,Liverpool,2,1,1,1,H,,,,
2023-24,2023-10-01,14:00,7,Nottingham Forest,Brentford,1,1,0,0,D,,,,
2023-24,2023-10-02,20:00,7,Fulham,Chelsea,0,2,0,2,A,,,,
2023-24,2023-10-03,19:30,2,Luton Town,Burnley,1,2,0,1,A,,,,
2023-24,2023-10-07,12:30,8,Luton Town,Tottenham Hotspur,0,1,0,0,A,,,,
2023-24,2023-10-07,15:00,8,Burnley,Chelsea,1,4,1,1,A,,,,
2023-24,2023-10-07,,8,Everton,Bournemouth,3,0,2,0,H,,,,
2023-24,2023-10-07,,8,Fulham,Sheffield United,3,1,0,0,H,,,,
2023-24,2023-10-07,,8,Manchester United,Brentford,2,1,0,1,H,,,,
2023-24,2023-10-07,17:30,8,Crystal Palace,Nottingham Forest,0,0,,,D,,,,
2023-24,2023-10-08,14:00,8,Brighton & Hove Albion,Liverpool,2,2,1,2,D,,,,
2023-24,2023-10-08,,8,West Ham United,Newcastle United,2,2,1,0,D,,,,
2023-24,2023-10-08,,8,Wolverhampton Wanderers,Aston Villa,1,1,0,0,D,,,,
2023-24,2023-10-08,16:30,8,Arsenal,Manchester City,1,0,0,0,H,,,,
2023-24,2023-10-21,12:30,9,Liverpool,Everton,2,0,0,0,H,,,,
2023-24,2023-10-21,15:00,9,Bournemouth,Wolverhampton Wanderers,1,2,1,0,A,,,,
2023-24,2023-10-21,,9,Brentford,Burnley,3,0,1,0,H,,,,
2023-24,2023-10-21,,9,Manchester City,Brighton & Hove Albion,2,1,2,0,H,,,,
2023-24,2023-10-21,,9,Newcastle United,Crystal Palace,4,0,3,0,H,,,,
2023-24,2023-10-21,,9,Nottingham Forest,Luton Town,2,2,0,0,D,,,,
2023-24,2023-10-21,17:30,9,Chelsea,Arsenal,2,2,1,0,D,,,,
2023-24,2023-10-21,20:00,9,Sheffield United,Manchester United,1,2,1,1,A,,,,
2023-24,2023-10-22,16:30,9,Aston Villa,West Ham United,4,1,1,0,H,,,,
2023-24,2023-10-23,20:00,9,Tottenham Hotspur,Fulham,2,0,1,0,H,,,,
2023-24,2023-10-27,20:00,10,Crystal Palace,Tottenham Hotspur,1,2,0,0,A,,,,
2023-24,2023-10-28,12:30,10,Chelsea,Brentford,0,2,0,0,A,,,,
2023-24,2023-10-28,15:00,10,Bournemouth,Burnley,2,1,1,1,H,,,,
2023-24,2023-10-28,,10,Arsenal,Sheffield United,5,0,1,0,H,,,,
2023-24,2023-10-28,17:30,10,Wolverhampton Wanderers,Newcastle United,2,2,1,2,D,,,,
2023-24,2023-10-29,13:00,10,West Ham United,Everton,0,1,0,0,A,,,,
2023-24,2023-10-29,14:00,10,Aston Villa,Luton Town,3,1,1,0,H,,,,
2023-24,2023-10-29,,10,Brighton & Hove Albion,Fulham,1,1,1,0,D,,,,
2023-24,2023-10-29,,10,Liverpool,Nottingham Forest,3,0,2,0,H,,,,
2023-24,2023-10-29,15:30,10,Manchester United,Manchester City,0,3,0,1,A,,,,
2023-24,2023-11-04,12:30,11,Fulham,Manchester United,0,1,0,0,A,,,,
2023-24,2023-11-04,15:00,11,Brentford,West Ham United,3,2,1,2,H,,,,
2023-24,2023-11-04,,11,Burnley,Crystal Palace,0,2,0,1,A,,,,
2023-24,2023-11-04,,11,Everton,Brighton & Hove Albion,1,1,1,0,D,,,,
2023-24,2023-11-04,,11,Manchester City,Bournemouth,6,1,3,0,H,,,,
2023-24,2023-11-04,,11,Sheffield United,Wolverhampton Wanderers,2,1,0,0,H,,,,
2023-24,2023-11-04,17:30,11,Newcastle United,Arsenal,1,0,0,0,H,,,,
2023-24,2023-11-05,14:00,11,Nottingham Forest,Aston Villa,2,0,1,0,H,,,,
2023-24,2023-11-05,16:30,11,Luton Town,Liverpool,1,1,0,0,D,,,,
2023-24,2023-11-06,20:00,11,Tottenham Hotspur,Chelsea,1,4,1,1,A,,,,
2023-24,2023-11-11,12:30,12,Wolverhampton Wanderers,Tottenham Hotspur,2,1,0,1,H,,,,
2023-24,2023-11-11,15:00,12,Arsenal,Burnley,3,1,1,0,H,,,,
2023-24,2023-11-11,,12,Crystal Palace,Everton,2,3,1,1,A,,,,
2023-24,2023-11-11,,12,Manchester United,Luton Town,1,0,0,0,H,,,,
2023-24,2023-11-11,17:30,12,Bournemouth,Newcastle United,2,0,0,0,H,,,,
2023-24,2023-11-12,14:00,12,Aston Villa,Fulham,3,1,2,0,H,,,,
2023-24,2023-11-12,,12,Brighton & Hove Albion,Sheffield United,1,1,1,0,D,,,,
2023-24,2023-11-12,,12,Liverpool,Brentford,3,0,1,0,H,,,,
2023-24,2023-11-12,,12,West Ham United,Nottingham Forest,3,2,1,1,H,,,,
2023-24,2023-11-12,16:30,12,Chelsea,Manchester City,4,4,2,2,D,,,,
2023-24,2023-11-25,12:30,13,Manchester City,Liverpool,1,1,1,0,D,,,,
2023-24,2023-11-25,15:00,13,Burnley,West Ham United,1,2,0,0,A,,,,
2023-24,2023-11-25,,13,Luton Town,Crystal Palace,2,1,0,0,H,,,,
2023-24,2023-11-25,,13,Newcastle United,Chelsea,4,1,1,1,H,,,,
2023-24,2023-11-25,,13,Nottingham Forest,Brighton & Hove Albion,2,3,1,2,A,,,,
2023-24,2023-11-25,,13,Sheffield United,Bournemouth,1,3,0,2,A,,,,
2023-24,2023-11-25,17:30,13,Brentford,Arsenal,0,1,0,0,A,,,,
2023-24,2023-11-26,14:00,13,Tottenham Hotspur,Aston Villa,1,2,1,1,A,,,,
2023-24,2023-11-26,16:30,13,Everton,Manchester United,0,3,0,1,A,,,,
2023-24,2023-11-27,20:00,13,Fulham,Wolverhampton Wanderers,3,2,1,1,H,,,,
2023-24,2023-12-02,15:00,14,Arsenal,Wolverhampton Wanderers,2,1,2,0,H,,,,
2023-24,2023-12-02,,14,Brentford,Luton Town,3,1,0,0,H,,,,
2023-24,2023-12-02,,14,Burnley,Sheffield United,5,0,2,0,H,,,,
2023-24,2023-12-02,17:30,14,Nottingham Forest,Everton,0,1,0,0,A,,,,
2023-24,2023-12-02,20:00,14,Newcastle United,Manchester United,1,0,0,0,H,,,,
2023-24,2023-12-03,14:00,14,Bournemouth,Aston Villa,2,2,1,1,D,,,,
2023-24,2023-12-03,,14,Chelsea,Brighton & Hove Albion,3,2,2,1,H,,,,
2023-24,2023-12-03,,14,Liverpool,Fulham,4,3,2,2,H,,,,
2023-24,2023-12-03,,14,West Ham United,Crystal Palace,1,1,1,0,D,,,,
2023-24,2023-12-03,16:30,14,Manchester City,Tottenham Hotspur,3,3,2,1,D,,,,
2023-24,2023-12-05,19:30,15,Wolverhampton Wanderers,Burnley,1,0,1,0,H,,,,
2023-24,2023-12-05,20:15,15,Luton Town,Arsenal,3,4,1,2,A,,,,
2023-24,2023-12-06,19:30,15,Brighton & Hove Albion,Brentford,2,1,1,1,H,,,,
2023-24,2023-12-06,,15,Fulham,Nottingham Forest,5,0,2,0,H,,,,
2023-24,2023-12-06,,15,Sheffield United,Liverpool,0,2,0,1,A,,,,
2023-24,2023-12-06,,15,Crystal Palace,Bournemouth,0,2,0,1,A,,,,
2023-24,2023-12-06,20:15,15,Aston Villa,Manchester City,1,0,0,0,H,,,,
2023-24,2023-12-06,,15,Manchester United,Chelsea,2,1,1,1,H,,,,
2023-24,2023-12-07,19:30,15,Everton,Newcastle United,3,0,0,0,H,,,,
2023-24,2023-12-07,20:15,15,Tottenham Hotspur,West Ham United,1,2,1,0,A,,,,
2023-24,2023-12-09,12:30,16,Crystal Palace,Liverpool,1,2,0,0,A,,,,
2023-24,2023-12-09,15:00,16,Brighton & Hove Albion,Burnley,1,1,0,1,D,,,,
2023-24,2023-12-09,,16,Manchester United,Bournemouth,0,3,0,1,A,,,,
2023-24,2023-12-09,,16,Sheffield United,Brentford,1,0,1,0,H,,,,
2023-24,2023-12-09,,16,Wolverhampton Wanderers,Nottingham Forest,1,1,1,1,D,,,,
2023-24,2023-12-09,17:30,16,Aston Villa,Arsenal,1,0,1,0,H,,,,
2023-24,2023-12-10,14:00,16,Everton,Chelsea,2,0,0,0,H,,,,
2023-24,2023-12-10,,16,Fulham,West Ham United,5,0,3,0,H,,,,
2023-24,2023-12-10,,16,Luton Town,Manchester City,1,2,1,0,A,,,,
2023-24,2023-12-10,16:30,16,Tottenham Hotspur,Newcastle United,4,1,2,0,H,,,,
2023-24,2023-12-15,20:00,17,Nottingham Forest,Tottenham Hotspur,0,2,0,1,A,,,,
2023-24,2023-12-16,15:00,17,Chelsea,Sheffield United,2,0,0,0,H,,,,
2023-24,2023-12-16,,17,Manchester City,Crystal Palace,2,2,1,0,D,,,,
2023-24,2023-12-16,,17,Newcastle United,Fulham,3,0,0,0,H,,,,
2023-24,2023-12-16,17:30,17,Burnley,Everton,0,2,0,2,A,,,,
2023-24,2023-12-17,14:00,17,Arsenal,Brighton & Hove Albion,2,0,0,0,H,,,,
2023-24,2023-12-17,,17,Brentford,Aston Villa,1,2,1,0,A,,,,
2023-24,2023-12-17,,17,West Ham United,Wolverhampton Wanderers,3,0,2,0,H,,,,
2023-24,2023-12-17,16:30,17,Liverpool,Manchester United,0,0,,,D,,,,
2023-24,2023-12-21,20:00,18,Crystal Palace,Brighton & Hove Albion,1,1,1,0,D,,,,
2023-24,2023-12-22,20:00,18,Aston Villa,Sheffield United,1,1,0,0,D,,,,
2023-24,2023-12-23,12:30,18,West Ham United,Manchester United,2,0,0,0,H,,,,
2023-24,2023-12-23,15:00,18,Fulham,Burnley,0,2,0,0,A,,,,
2023-24,2023-12-23,,18,Luton Town,Newcastle United,1,0,1,0,H,,,,
2023-24,2023-12-23,,18,Nottingham Forest,Bournemouth,2,3,0,0,A,,,,
2023-24,2023-12-23,,18,Tottenham Hotspur,Everton,2,1,2,0,H,,,,
2023-24,2023-12-23,17:30,18,Liverpool,Arsenal,1,1,1,1,D,,,,
2023-24,2023-12-24,13:00,18,Wolverhampton Wanderers,Chelsea,2,1,0,0,H,,,,
2023-24,2023-12-26,12:30,19,Newcastle United,Nottingham Forest,1,3,1,1,A,,,,
2023-24,2023-12-26,15:00,19,Bournemouth,Fulham,3,0,1,0,H,,,,
2023-24,2023-12-26,,19,Sheffield United,Luton Town,2,3,0,1,A,,,,
2023-24,2023-12-26,17:30,19,Burnley,Liverpool,0,2,0,1,A,,,,
2023-24,2023-12-26,20:00,19,Manchester United,Aston Villa,3,2,0,2,H,,,,
2023-24,2023-12-27,19:30,19,Brentford,Wolverhampton Wanderers,1,4,1,3,A,,,,
2023-24,2023-12-27,,19,Chelsea,Crystal Palace,2,1,1,1,H,,,,
2023-24,2023-12-27,20:15,19,Everton,Manchester City,1,3,1,0,A,,,,
2023-24,2023-12-28,19:30,19,Brighton & Hove Albion,Tottenham Hotspur,4,2,2,0,H,,,,
2023-24,2023-12-28,20:15,19,Arsenal,West Ham United,0,2,0,1,A,,,,
2023-24,2023-12-30,12:30,20,Luton Town,Chelsea,2,3,0,2,A,,,,
2023-24,2023-12-30,15:00,20,Aston Villa,Burnley,3,2,2,1,H,,,,
2023-24,2023-12-30,,20,Crystal Palace,Brentford,3,1,2,1,H,,,,
2023-24,2023-12-30,,20,Manchester City,Sheffield United,2,0,1,0,H,,,,
2023-24,2023-12-30,,20,Wolverhampton Wanderers,Everton,3,0,1,0,H,,,,
2023-24,2023-12-30,17:30,20,Nottingham Forest,Manchester United,2,1,0,0,H,,,,
2023-24,2023-12-31,14:00,20,Fulham,Arsenal,2,1,1,1,H,,,,
2023-24,2023-12-31,,20,Tottenham Hotspur,Bournemouth,3,1,1,0,H,,,,
2023-24,2024-01-01,20:00,20,Liverpool,Newcastle United,4,2,0,0,H,,,,
2023-24,2024-01-02,19:30,20,West Ham United,Brighton & Hove Albion,0,0,,,D,,,,
2023-24,2024-01-12,19:45,21,Burnley,Luton Town,1,1,1,0,D,,,,
2023-24,2024-01-13,12:30,21,Chelsea,Fulham,1,0,1,0,H,,,,
2023-24,2024-01-13,17:30,21,Newcastle United,Manchester City,2,3,2,1,A,,,,
2023-24,2024-01-14,14:00,21,Everton,Aston Villa,0,0,,,D,,,,
2023-24,2024-01-14,16:30,21,Manchester United,Tottenham Hotspur,2,2,2,1,D,,,,
2023-24,2024-01-20,12:30,21,Arsenal,Crystal Palace,5,0,2,0,H,,,,
2023-24,2024-01-20,17:30,21,Brentford,Nottingham Forest,3,2,1,1,H,,,,
2023-24,2024-01-21,14:00,21,Sheffield United,West Ham United,2,2,1,1,D,,,,
2023-24,2024-01-21,16:30,21,Bournemouth,Liverpool,0,4,0,0,A,,,,
2023-24,2024-01-22,19:45,21,Brighton & Hove Albion,Wolverhampton Wanderers,0,0,,,D,,,,
2023-24,2024-01-30,19:30,22,Nottingham Forest,Arsenal,1,2,0,0,A,,,,
2023-24,2024-01-30,19:45,22,Luton Town,Brighton & Hove Albion,4,0,3,0,H,,,,
2023-24,2024-01-30,,22,Fulham,Everton,0,0,,,D,,,,
2023-24,2024-01-30,20:00,22,Crystal Palace,Sheffield United,3,2,2,2,H,,,,
2023-24,2024-01-30,20:15,22,Aston Villa,Newcastle United,1,3,0,2,A,,,,
2023-24,2024-01-31,19:30,22,Tottenham Hotspur,Brentford,3,2,0,1,H,,,,
2023-24,2024-01-31,,22,Manchester City,Burnley,3,1,2,0,H,,,,
2023-24,2024-01-31,20:15,22,Liverpool,Chelsea,4,1,2,0,H,,,,
2023-24,2024-02-01,19:30,22,West Ham United,Bournemouth,1,1,0,1,D,,,,
2023-24,2024-02-01,20:15,22,Wolverhampton Wanderers,Manchester United,3,4,0,2,A,,,,
2023-24,2024-02-03,12:30,23,Everton,Tottenham Hotspur,2,2,1,2,D,,,,
2023-24,2024-02-03,15:00,23,Brighton & Hove Albion,Crystal Palace,4,1,3,0,H,,,,
2023-24,2024-02-03,,23,Burnley,Fulham,2,2,0,2,D,,,,
2023-24,2024-02-03,,23,Newcastle United,Luton Town,4,4,2,2,D,,,,
2023-24,2024-02-03,17:30,23,Sheffield United,Aston Villa,0,5,0,4,A,,,,
2023-24,2024-02-04,14:00,23,Bournemouth,Nottingham Forest,1,1,1,1,D,,,,
2023-24,2024-02-04,,23,Chelsea,Wolverhampton Wanderers,2,4,1,2,A,,,,
2023-24,2024-02-04,,23,Manchester United,West Ham United,3,0,1,0,H,,,,
2023-24,2024-02-04,16:30,23,Arsenal,Liverpool,3,1,1,1,H,,,,
2023-24,2024-02-05,20:00,23,Brentford,Manchester City,1,3,1,1,A,,,,
2023-24,2024-02-10,12:30,24,Manchester City,Everton,2,0,0,0,H,,,,
2023-24,2024-02-10,15:00,24,Fulham,Bournemouth,3,1,2,0,H,,,,
2023-24,2024-02-10,,24,Liverpool,Burnley,3,1,1,1,H,,,,
2023-24,2024-02-10,,24,Luton Town,Sheffield United,1,3,0,2,A,,,,
2023-24,2024-02-10,,24,Tottenham Hotspur,Brighton & Hove Albion,2,1,0,1,H,,,,
2023-24,2024-02-10,,24,Wolverhampton Wanderers,Brentford,0,2,0,1,A,,,,
2023-24,2024-02-10,17:30,24,Nottingham Forest,Newcastle United,2,3,2,2,A,,,,
2023-24,2024-02-11,14:00,24,West Ham United,Arsenal,0,6,0,4,A,,,,
2023-24,2024-02-11,16:30,24,Aston Villa,Manchester United,1,2,0,1,A,,,,
2023-24,2024-02-12,20:00,24,Crystal Palace,Chelsea,1,3,1,0,A,,,,
2023-24,2024-02-17,12:30,25,Brentford,Liverpool,1,4,0,1,A,,,,
2023-24,2024-02-17,15:00,25,Burnley,Arsenal,0,5,0,2,A,,,,
2023-24,2024-02-17,,25,Fulham,Aston Villa,1,2,0,1,A,,,,
2023-24,2024-02-17,,25,Newcastle United,Bournemouth,2,2,0,0,D,,,,
2023-24,2024-02-17,,25,Nottingham Forest,West Ham United,2,0,1,0,H,,,,
2023-24,2024-02-17,,25,Tottenham Hotspur,Wolverhampton Wanderers,1,2,0,1,A,,,,
2023-24,2024-02-17,17:30,25,Manchester City,Chelsea,1,1,0,1,D,,,,
2023-24,2024-02-18,14:00,25,Sheffield United,Brighton & Hove Albion,0,5,0,2,A,,,,
2023-24,2024-02-18,16:30,25,Luton Town,Manchester United,1,2,1,2,A,,,,
2023-24,2024-02-19,20:00,25,Everton,Crystal Palace,1,1,0,0,D,,,,
2023-24,2024-02-20,19:30,18,Manchester City,Brentford,1,0,0,0,H,,,,
2023-24,2024-02-21,19:30,26,Liverpool,Luton Town,4,1,0,1,H,,,,
2023-24,2024-02-24,15:00,26,Aston Villa,Nottingham Forest,4,2,3,1,H,,,,
2023-24,2024-02-24,,26,Brighton & Hove Albion,Everton,1,1,0,0,D,,,,
2023-24,2024-02-24,,26,Crystal Palace,Burnley,3,0,0,0,H,,,,
2023-24,2024-02-24,,26,Manchester United,Fulham,1,2,0,0,A,,,,
2023-24,2024-02-24,17:30,26,Bournemouth,Manchester City,0,1,0,1,A,,,,
2023-24,2024-02-24,20:00,26,Arsenal,Newcastle United,4,1,2,0,H,,,,
2023-24,2024-02-25,13:30,26,Wolverhampton Wanderers,Sheffield United,1,0,1,0,H,,,,
2023-24,2024-02-26,20:00,26,West Ham United,Brentford,4,2,2,1,H,,,,
2023-24,2024-03-02,15:00,27,Brentford,Chelsea,2,2,0,1,D,,,,
2023-24,2024-03-02,,27,Everton,West Ham United,1,3,0,0,A,,,,
2023-24,2024-03-02,,27,Fulham,Brighton & Hove Albion,3,0,2,0,H,,,,
2023-24,2024-03-02,,27,Newcastle United,Wolverhampton Wanderers,3,0,2,0,H,,,,
2023-24,2024-03-02,,27,Nottingham Forest,Liverpool,0,1,0,0,A,,,,
2023-24,2024-03-02,,27,Tottenham Hotspur,Crystal Palace,3,1,0,0,H,,,,
2023-24,2024-03-02,17:30,27,Luton Town,Aston Villa,2,3,0,2,A,,,,
2023-24,2024-03-03,13:00,27,Burnley,Bournemouth,0,2,0,1,A,,,,
2023-24,2024-03-03,15:30,27,Manchester City,Manchester United,3,1,0,1,H,,,,
2023-24,2024-03-04,20:00,27,Sheffield United,Arsenal,0,6,0,5,A,,,,
2023-24,2024-03-09,12:30,28,Manchester United,Everton,2,0,2,0,H,,,,
2023-24,2024-03-09,15:00,28,Bournemouth,Sheffield United,2,2,0,1,D,,,,
2023-24,2024-03-09,,28,Crystal Palace,Luton Town,1,1,1,0,D,,,,
2023-24,2024-03-09,,28,Wolverhampton Wanderers,Fulham,2,1,0,0,H,,,,
2023-24,2024-03-09,17:30,28,Arsenal,Brentford,2,1,1,1,H,,,,
2023-24,2024-03-10,13:00,28,Aston Villa,Tottenham Hotspur,0,4,0,0,A,,,,
2023-24,2024-03-10,14:00,28,Brighton & Hove Albion,Nottingham Forest,1,0,1,0,H,,,,
2023-24,2024-03-10,,28,West Ham United,Burnley,2,2,0,2,D,,,,
2023-24,2024-03-10,15:45,28,Liverpool,Manchester City,1,1,0,1,D,,,,
2023-24,2024-03-11,20:00,28,Chelsea,Newcastle United,3,2,1,1,H,,,,
2023-24,2024-03-13,19:30,17,Bournemouth,Luton Town,4,3,0,3,H,,,,
2023-24,2024-03-16,15:00,29,Burnley,Brentford,2,1,1,0,H,,,,
2023-24,2024-03-16,,29,Luton Town,Nottingham Forest,1,1,0,1,D,,,,
2023-24,2024-03-16,17:30,29,Fulham,Tottenham Hotspur,3,0,1,0,H,,,,
2023-24,2024-03-17,14:00,29,West Ham United,Aston Villa,1,1,1,0,D,,,,
2023-24,2024-03-30,12:30,30,Newcastle United,West Ham United,4,3,1,2,H,,,,
2023-24,2024-03-30,15:00,30,Bournemouth,Everton,2,1,0,0,H,,,,
2023-24,2024-03-30,,30,Chelsea,Burnley,2,2,1,0,D,,,,
2023-24,2024-03-30,,30,Nottingham Forest,Crystal Palace,1,1,0,1,D,,,,
2023-24,2024-03-30,,30,Sheffield United,Fulham,3,3,0,0,D,,,,
2023-24,2024-03-30,,30,Tottenham Hotspur,Luton Town,2,1,0,1,H,,,,
2023-24,2024-03-30,17:30,30,Aston Villa,Wolverhampton Wanderers,2,0,1,0,H,,,,
2023-24,2024-03-30,20:00,30,Brentford,Manchester United,1,1,0,0,D,,,,
2023-24,2024-03-31,14:00,30,Liverpool,Brighton & Hove Albion,2,1,1,1,H,,,,
2023-24,2024-03-31,16:30,30,Manchester City,Arsenal,0,0,,,D,,,,
2023-24,2024-04-02,19:30,31,Nottingham Forest,Fulham,3,1,3,0,H,,,,
2023-24,2024-04-02,,31,Newcastle United,Everton,1,1,1,0,D,,,,
2023-24,2024-04-02,19:45,31,Bournemouth,Crystal Palace,1,0,0,0,H,,,,
2023-24,2024-04-02,,31,Burnley,Wolverhampton Wanderers,1,1,1,1,D,,,,
2023-24,2024-04-02,20:15,31,West Ham United,Tottenham Hotspur,1,1,1,1,D,,,,
2023-24,2024-04-03,19:30,31,Arsenal,Luton Town,2,0,2,0,H,,,,
2023-24,2024-04-03,,31,Brentford,Brighton & Hove Albion,0,0,,,D,,,,
2023-24,2024-04-03,20:15,31,Manchester City,Aston Villa,4,1,2,1,H,,,,
2023-24,2024-04-04,19:30,31,Liverpool,Sheffield United,3,1,1,0,H,,,,
2023-24,2024-04-04,20:15,31,Chelsea,Manchester United,4,3,2,2,H,,,,
2023-24,2024-04-06,12:30,32,Crystal Palace,Manchester City,2,4,1,1,A,,,,
2023-24,2024-04-06,15:00,32,Aston Villa,Brentford,3,3,1,0,D,,,,
2023-24,2024-04-06,,32,Everton,Burnley,1,0,1,0,H,,,,
2023-24,2024-04-06,,32,Fulham,Newcastle United,0,1,0,0,A,,,,
2023-24,2024-04-06,,32,Luton Town,Bournemouth,2,1,0,0,H,,,,
2023-24,2024-04-06,,32,Wolverhampton Wanderers,West Ham United,1,2,1,0,A,,,,
2023-24,2024-04-06,17:30,32,Brighton & Hove Albion,Arsenal,0,3,0,1,A,,,,
2023-24,2024-04-07,15:30,32,Manchester United,Liverpool,2,2,0,1,D,,,,
2023-24,2024-04-07,17:30,32,Sheffield United,Chelsea,2,2,1,1,D,,,,
2023-24,2024-04-07,18:00,32,Tottenham Hotspur,Nottingham Forest,3,1,1,1,H,,,,
2023-24,2024-04-13,12:30,33,Newcastle United,Tottenham Hotspur,4,0,2,0,H,,,,
2023-24,2024-04-13,15:00,33,Brentford,Sheffield United,2,0,0,0,H,,,,
2023-24,2024-04-13,,33,Burnley,Brighton & Hove Albion,1,1,0,0,D,,,,
2023-24,2024-04-13,,33,Manchester City,Luton Town,5,1,1,0,H,,,,
2023-24,2024-04-13,,33,Nottingham Forest,Wolverhampton Wanderers,2,2,1,1,D,,,,
2023-24,2024-04-13,17:30,33,Bournemouth,Manchester United,2,2,2,1,D,,,,
2023-24,2024-04-14,14:00,33,Liverpool,Crystal Palace,0,1,0,1,A,,,,
2023-24,2024-04-14,,33,West Ham United,Fulham,0,2,0,1,A,,,,
2023-24,2024-04-14,16:30,33,Arsenal,Aston Villa,0,2,0,0,A,,,,
2023-24,2024-04-15,20:00,33,Chelsea,Everton,6,0,4,0,H,,,,
2023-24,2024-04-20,15:00,34,Luton Town,Brentford,1,5,0,2,A,,,,
2023-24,2024-04-20,,34,Sheffield United,Burnley,1,4,0,2,A,,,,
2023-24,2024-04-20,19:30,34,Wolverhampton Wanderers,Arsenal,0,2,0,1,A,,,,
2023-24,2024-04-21,13:30,34,Everton,Nottingham Forest,2,0,1,0,H,,,,
2023-24,2024-04-21,15:00,34,Aston Villa,Bournemouth,3,1,1,1,H,,,,
2023-24,2024-04-21,,34,Crystal Palace,West Ham United,5,2,4,1,H,,,,
2023-24,2024-04-21,16:30,34,Fulham,Liverpool,1,3,1,1,A,,,,
2023-24,2024-04-23,20:00,29,Arsenal,Chelsea,5,0,1,0,H,,,,
2023-24,2024-04-24,19:45,29,Wolverhampton Wanderers,Bournemouth,0,1,0,1,A,,,,
2023-24,2024-04-24,20:00,29,Crystal Palace,Newcastle United,2,0,0,0,H,,,,
2023-24,2024-04-24,,29,Everton,Liverpool,2,0,1,0,H,,,,
2023-24,2024-04-24,,29,Manchester United,Sheffield United,4,2,1,1,H,,,,
2023-24,2024-04-25,20:00,29,Brighton & Hove Albion,Manchester City,0,4,0,3,A,,,,
2023-24,2024-04-27,12:30,35,West Ham United,Liverpool,2,2,1,0,D,,,,
2023-24,2024-04-27,15:00,35,Fulham,Crystal Palace,1,1,0,0,D,,,,
2023-24,2024-04-27,,35,Manchester United,Burnley,1,1,0,0,D,,,,
2023-24,2024-04-27,,35,Newcastle United,Sheffield United,5,1,1,1,H,,,,
2023-24,2024-04-27,,35,Wolverhampton Wanderers,Luton Town,2,1,1,0,H,,,,
2023-24,2024-04-27,17:30,35,Everton,Brentford,1,0,0,0,H,,,,
2023-24,2024-04-27,20:00,35,Aston Villa,Chelsea,2,2,2,0,D,,,,
2023-24,2024-04-28,14:00,35,Bournemouth,Brighton & Hove Albion,3,0,1,0,H,,,,
2023-24,2024-04-28,,35,Tottenham Hotspur,Arsenal,2,3,0,3,A,,,,
2023-24,2024-04-28,16:30,35,Nottingham Forest,Manchester City,0,2,0,1,A,,,,
2023-24,2024-05-02,19:30,26,Chelsea,Tottenham Hotspur,2,0,1,0,H,,,,
2023-24,2024-05-03,20:00,36,Luton Town,Everton,1,1,1,1,D,,,,
2023-24,2024-05-04,12:30,36,Arsenal,Bournemouth,3,0,1,0,H,,,,
2023-24,2024-05-04,15:00,36,Brentford,Fulham,0,0,,,D,,,,
2023-24,2024-05-04,,36,Burnley,Newcastle United,1,4,0,3,A,,,,
2023-24,2024-05-04,,36,Sheffield United,Nottingham Forest,1,3,1,1,A,,,,
2023-24,2024-05-04,17:30,36,Manchester City,Wolverhampton Wanderers,5,1,3,0,H,,,,
2023-24,2024-05-05,14:00,36,Brighton & Hove Albion,Aston Villa,1,0,0,0,H,,,,
2023-24,2024-05-05,,36,Chelsea,West Ham United,5,0,3,0,H,,,,
2023-24,2024-05-05,16:30,36,Liverpool,Tottenham Hotspur,4,2,2,0,H,,,,
2023-24,2024-05-06,20:00,36,Crystal Palace,Manchester United,4,0,2,0,H,,,,
2023-24,2024-05-11,12:30,37,Fulham,Manchester City,0,4,0,1,A,,,,
2023-24,2024-05-11,15:00,37,Bournemouth,Brentford,1,2,0,0,A,,,,
2023-24,2024-05-11,,37,Everton,Sheffield United,1,0,1,0,H,,,,
2023-24,2024-05-11,,37,Newcastle United,Brighton & Hove Albion,1,1,1,1,D,,,,
2023-24,2024-05-11,,37,Tottenham Hotspur,Burnley,2,1,1,1,H,,,,
2023-24,2024-05-11,,37,West Ham United,Luton Town,3,1,0,1,H,,,,
2023-24,2024-05-11,,37,Wolverhampton Wanderers,Crystal Palace,1,3,0,2,A,,,,
2023-24,2024-05-11,17:30,37,Nottingham Forest,Chelsea,2,3,1,1,A,,,,
2023-24,2024-05-12,16:30,37,Manchester United,Arsenal,0,1,0,1,A,,,,
2023-24,2024-05-13,20:00,37,Aston Villa,Liverpool,3,3,1,2,D,,,,
2023-24,2024-05-14,20:00,34,Tottenham Hotspur,Manchester City,0,2,0,0,A,,,,
2023-24,2024-05-15,19:45,34,Brighton & Hove Albion,Chelsea,1,2,0,1,A,,,,
2023-24,2024-05-15,20:00,34,Manchester United,Newcastle United,3,2,1,0,H,,,,
2023-24,2024-05-19,16:00,38,Arsenal,Everton,2,1,1,1,H,,,,
2023-24,2024-05-19,,38,Brentford,Newcastle United,2,4,0,3,A,,,,
2023-24,2024-05-19,,38,Brighton & Hove Albion,Manchester United,0,2,0,0,A,,,,
2023-24,2024-05-19,,38,Burnley,Nottingham Forest,1,2,0,2,A,,,,
2023-24,2024-05-19,,38,Chelsea,Bournemouth,2,1,1,0,H,,,,
2023-24,2024-05-19,,38,Crystal Palace,Aston Villa,5,0,2,0,H,,,,
2023-24,2024-05-19,,38,Liverpool,Wolverhampton Wanderers,2,0,2,0,H,,,,
2023-24,2024-05-19,,38,Luton Town,Fulham,2,4,1,2,A,,,,
2023-24,2024-05-19,,38,Manchester City,West Ham United,3,1,2,1,H,,,,
2023-24,2024-05-19,,38,Sheffield United,Tottenham Hotspur,0,3,0,1,A,,,,
2024-25,2024-08-16,20:00,1,Manchester United,Fulham,1,0,0,0,H,,,,
2024-25,2024-08-17,12:30,1,Ipswich Town,Liverpool,0,2,0,0,A,,,,
2024-25,2024-08-17,15:00,1,Arsenal,Wolverhampton Wanderers,2,0,1,0,H,,,,
2024-25,2024-08-17,,1,Everton,Brighton & Hove Albion,0,3,0,1,A,,,,
2024-25,2024-08-17,,1,Newcastle United,Southampton,1,0,1,0,H,,,,
2024-25,2024-08-17,,1,Nottingham Forest,Bournemouth,1,1,1,0,D,,,,
2024-25,2024-08-17,17:30,1,West Ham United,Aston Villa,1,2,1,1,A,,,,
2024-25,2024-08-18,14:00,1,Brentford,Crystal Palace,2,1,1,0,H,,,,
2024-25,2024-08-18,16:30,1,Chelsea,Manchester City,0,2,0,1,A,,,,
2024-25,2024-08-19,20:00,1,Leicester City,Tottenham Hotspur,1,1,0,1,D,,,,
2024-25,2024-08-24,12:30,2,Brighton & Hove Albion,Manchester United,2,1,1,0,H,,,,
2024-25,2024-08-24,15:00,2,Crystal Palace,West Ham United,0,2,0,0,A,,,,
2024-25,2024-08-24,,2,Fulham,Leicester City,2,1,1,1,H,,,,
2024-25,2024-08-24,,2,Manchester City,Ipswich Town,4,1,3,1,H,,,,
2024-25,2024-08-24,,2,Southampton,Nottingham Forest,0,1,0,0,A,,,,
2024-25,2024-08-24,,2,Tottenham Hotspur,Everton,4,0,2,0,H,,,,
2024-25,2024-08-24,17:30,2,Aston Villa,Arsenal,0,2,0,0,A,,,,
2024-25,2024-08-25,14:00,2,Bournemouth,Newcastle United,1,1,1,0,D,,,,
2024-25,2024-08-25,,2,Wolverhampton Wanderers,Chelsea,2,6,2,2,A,,,,
2024-25,2024-08-25,16:30,2,Liverpool,Brentford,2,0,1,0,H,,,,
2024-25,2024-08-31,12:30,3,Arsenal,Brighton & Hove Albion,1,1,1,0,D,,,,
2024-25,2024-08-31,15:00,3,Brentford,Southampton,3,1,1,0,H,,,,
2024-25,2024-08-31,,3,Everton,Bournemouth,2,3,0,0,A,,,,
2024-25,2024-08-31,,3,Ipswich Town,Fulham,1,1,1,1,D,,,,
2024-25,2024-08-31,,3,Leicester City,Aston Villa,1,2,0,1,A,,,,
2024-25,2024-08-31,,3,Nottingham Forest,Wolverhampton Wanderers,1,1,1,1,D,,,,
2024-25,2024-08-31,17:30,3,West Ham United,Manchester City,1,3,1,2,A,,,,
2024-25,2024-09-01,13:30,3,Chelsea,Crystal Palace,1,1,1,0,D,,,,
2024-25,2024-09-01,,3,Newcastle United,Tottenham Hotspur,2,1,1,0,H,,,,
2024-25,2024-09-01,16:00,3,Manchester United,Liverpool,0,3,0,2,A,,,,
2024-25,2024-09-14,12:30,4,Southampton,Manchester United,0,3,0,2,A,,,,
2024-25,2024-09-14,15:00,4,Brighton & Hove Albion,Ipswich Town,0,0,,,D,,,,
2024-25,2024-09-14,,4,Crystal Palace,Leicester City,2,2,0,1,D,,,,
2024-25,2024-09-14,,4,Fulham,West Ham United,1,1,1,0,D,,,,
2024-25,2024-09-14,,4,Liverpool,Nottingham Forest,0,1,0,0,A,,,,
2024-25,2024-09-14,,4,Manchester City,Brentford,2,1,2,1,H,,,,
2024-25,2024-09-14,17:30,4,Aston Villa,Everton,3,2,1,2,H,,,,
2024-25,2024-09-14,20:00,4,Bournemouth,Chelsea,0,1,0,0,A,,,,
2024-25,2024-09-15,14:00,4,Tottenham Hotspur,Arsenal,0,1,0,0,A,,,,
2024-25,2024-09-15,16:30,4,Wolverhampton Wanderers,Newcastle United,1,2,1,0,A,,,,
2024-25,2024-09-21,12:30,5,West Ham United,Chelsea,0,3,0,2,A,,,,
2024-25,2024-09-21,15:00,5,Aston Villa,Wolverhampton Wanderers,3,1,0,1,H,,,,
2024-25,2024-09-21,,5,Fulham,Newcastle United,3,1,2,0,H,,,,
2024-25,2024-09-21,,5,Leicester City,Everton,1,1,0,1,D,,,,
2024-25,2024-09-21,,5,Liverpool,Bournemouth,3,0,3,0,H,,,,
2024-25,2024-09-21,,5,Southampton,Ipswich Town,1,1,1,0,D,,,,
2024-25,2024-09-21,,5,Tottenham Hotspur,Brentford,3,1,2,1,H,,,,
2024-25,2024-09-21,17:30,5,Crystal Palace,Manchester United,0,0,,,D,,,,
2024-25,2024-09-22,14:00,5,Brighton & Hove Albion,Nottingham Forest,2,2,2,1,D,,,,
2024-25,2024-09-22,16:30,5,Manchester City,Arsenal,2,2,1,2,D,,,,
2024-25,2024-09-28,12:30,6,Newcastle United,Manchester City,1,1,0,1,D,,,,
2024-25,2024-09-28,15:00,6,Arsenal,Leicester City,4,2,2,0,H,,,,
2024-25,2024-09-28,,6,Brentford,West Ham United,1,1,1,0,D,,,,
2024-25,2024-09-28,,6,Chelsea,Brighton & Hove Albion,4,2,4,2,H,,,,
2024-25,2024-09-28,,6,Everton,Crystal Palace,2,1,0,1,H,,,,
2024-25,2024-09-28,,6,Nottingham Forest,Fulham,0,1,0,0,A,,,,
2024-25,2024-09-28,17:30,6,Wolverhampton Wanderers,Liverpool,1,2,0,1,A,,,,
2024-25,2024-09-29,14:00,6,Ipswich Town,Aston Villa,2,2,1,2,D,,,,
2024-25,2024-09-29,16:30,6,Manchester United,Tottenham Hotspur,0,3,0,1,A,,,,
2024-25,2024-09-30,20:00,6,Bournemouth,Southampton,3,1,3,0,H,,,,
2024-25,2024-10-05,12:30,7,Crystal Palace,Liverpool,0,1,0,1,A,,,,
2024-25,2024-10-05,15:00,7,Arsenal,Southampton,3,1,0,0,H,,,,
2024-25,2024-10-05,,7,Brentford,Wolverhampton Wanderers,5,3,4,2,H,,,,
2024-25,2024-10-05,,7,Leicester City,Bournemouth,1,0,1,0,H,,,,
2024-25,2024-10-05,,7,Manchester City,Fulham,3,2,1,1,H,,,,
2024-25,2024-10-05,,7,West Ham United,Ipswich Town,4,1,2,1,H,,,,
2024-25,2024-10-05,17:30,7,Everton,Newcastle United,0,0,,,D,,,,
2024-25,2024-10-06,14:00,7,Aston Villa,Manchester United,0,0,,,D,,,,
2024-25,2024-10-06,,7,Chelsea,Nottingham Forest,1,1,0,0,D,,,,
2024-25,2024-10-06,16:30,7,Brighton & Hove Albion,Tottenham Hotspur,3,2,0,2,H,,,,
2024-25,2024-10-19,12:30,8,Tottenham Hotspur,West Ham United,4,1,1,1,H,,,,
2024-25,2024-10-19,15:00,8,Fulham,Aston Villa,1,3,1,1,A,,,,
2024-25,2024-10-19,,8,Ipswich Town,Everton,0,2,0,2,A,,,,
2024-25,2024-10-19,,8,Manchester United,Brentford,2,1,0,1,H,,,,
2024-25,2024-10-19,,8,Newcastle United,Brighton & Hove Albion,0,1,0,1,A,,,,
2024-25,2024-10-19,,8,Southampton,Leicester City,2,3,2,0,A,,,,
2024-25,2024-10-19,17:30,8,Bournemouth,Arsenal,2,0,0,0,H,,,,
2024-25,2024-10-20,14:00,8,Wolverhampton Wanderers,Manchester City,1,2,1,1,A,,,,
2024-25,2024-10-20,16:30,8,Liverpool,Chelsea,2,1,1,0,H,,,,
2024-25,2024-10-21,20:00,8,Nottingham Forest,Crystal Palace,1,0,0,0,H,,,,
2024-25,2024-10-25,20:00,9,Leicester City,Nottingham Forest,1,3,1,1,A,,,,
2024-25,2024-10-26,15:00,9,Aston Villa,Bournemouth,1,1,0,0,D,,,,
2024-25,2024-10-26,,9,Brentford,Ipswich Town,4,3,2,2,H,,,,
2024-25,2024-10-26,,9,Brighton & Hove Albion,Wolverhampton Wanderers,2,2,1,0,D,,,,
2024-25,2024-10-26,,9,Manchester City,Southampton,1,0,1,0,H,,,,
2024-25,2024-10-26,17:30,9,Everton,Fulham,1,1,0,0,D,,,,
2024-25,2024-10-27,14:00,9,Chelsea,Newcastle United,2,1,1,1,H,,,,
2024-25,2024-10-27,,9,Crystal Palace,Tottenham Hotspur,1,0,1,0,H,,,,
2024-25,2024-10-27,,9,West Ham United,Manchester United,2,1,0,0,H,,,,
2024-25,2024-10-27,16:30,9,Arsenal,Liverpool,2,2,2,1,D,,,,
2024-25,2024-11-02,12:30,10,Newcastle United,Arsenal,1,0,1,0,H,,,,
2024-25,2024-11-02,15:00,10,Bournemouth,Manchester City,2,1,1,0,H,,,,
2024-25,2024-11-02,,10,Ipswich Town,Leicester City,1,1,0,0,D,,,,
2024-25,2024-11-02,,10,Liverpool,Brighton & Hove Albion,2,1,0,1,H,,,,
2024-25,2024-11-02,,10,Nottingham Forest,West Ham United,3,0,1,0,H,,,,
2024-25,2024-11-02,,10,Southampton,Everton,1,0,0,0,H,,,,
2024-25,2024-11-02,17:30,10,Wolverhampton Wanderers,Crystal Palace,2,2,0,0,D,,,,
2024-25,2024-11-03,14:00,10,Tottenham Hotspur,Aston Villa,4,1,0,1,H,,,,
2024-25,2024-11-03,16:30,10,Manchester United,Chelsea,1,1,0,0,D,,,,
2024-25,2024-11-04,20:00,10,Fulham,Brentford,2,1,0,1,H,,,,
2024-25,2024-11-09,15:00,11,Brentford,Bournemouth,3,2,1,1,H,,,,
2024-25,2024-11-09,,11,Crystal Palace,Fulham,0,2,0,1,A,,,,
2024-25,2024-11-09,,11,West Ham United,Everton,0,0,,,D,,,,
2024-25,2024-11-09,,11,Wolverhampton Wanderers,Southampton,2,0,1,0,H,,,,
2024-25,2024-11-09,17:30,11,Brighton & Hove Albion,Manchester City,2,1,0,1,H,,,,
2024-25,2024-11-09,20:00,11,Liverpool,Aston Villa,2,0,1,0,H,,,,
2024-25,2024-11-10,14:00,11,Manchester United,Leicester City,3,0,2,0,H,,,,
2024-25,2024-11-10,,11,Nottingham Forest,Newcastle United,1,3,1,0,A,,,,
2024-25,2024-11-10,,11,Tottenham Hotspur,Ipswich Town,1,2,0,2,A,,,,
2024-25,2024-11-10,16:30,11,Chelsea,Arsenal,1,1,0,0,D,,,,
2024-25,2024-11-23,12:30,12,Leicester City,Chelsea,1,2,0,1,A,,,,
2024-25,2024-11-23,15:00,12,Bournemouth,Brighton & Hove Albion,1,2,0,1,A,,,,
2024-25,2024-11-23,,12,Arsenal,Nottingham Forest,3,0,1,0,H,,,,
2024-25,2024-11-23,,12,Aston Villa,Crystal Palace,2,2,1,2,D,,,,
2024-25,2024-11-23,,12,Everton,Brentford,0,0,,,D,,,,
2024-25,2024-11-23,,12,Fulham,Wolverhampton Wanderers,1,4,1,1,A,,,,
2024-25,2024-11-23,17:30,12,Manchester City,Tottenham Hotspur,0,4,0,2,A,,,,
2024-25,2024-11-24,14:00,12,Southampton,Liverpool,2,3,1,1,A,,,,
2024-25,2024-11-24,16:30,12,Ipswich Town,Manchester United,1,1,1,1,D,,,,
2024-25,2024-11-25,20:00,12,Newcastle United,West Ham United,0,2,0,1,A,,,,
2024-25,2024-11-29,20:00,13,Brighton & Hove Albion,Southampton,1,1,1,0,D,,,,
2024-25,2024-11-30,15:00,13,Brentford,Leicester City,4,1,3,1,H,,,,
2024-25,2024-11-30,,13,Crystal Palace,Newcastle United,1,1,0,0,D,,,,
2024-25,2024-11-30,,13,Nottingham Forest,Ipswich Town,1,0,0,0,H,,,,
2024-25,2024-11-30,,13,Wolverhampton Wanderers,Bournemouth,2,4,1,3,A,,,,
2024-25,2024-11-30,17:30,13,West Ham United,Arsenal,2,5,2,5,A,,,,
2024-25,2024-12-01,13:30,13,Chelsea,Aston Villa,3,0,2,0,H,,,,
2024-25,2024-12-01,,13,Manchester United,Everton,4,0,2,0,H,,,,
2024-25,2024-12-01,,13,Tottenham Hotspur,Fulham,1,1,0,0,D,,,,
2024-25,2024-12-01,16:00,13,Liverpool,Manchester City,2,0,1,0,H,,,,
2024-25,2024-12-03,19:30,14,Ipswich Town,Crystal Palace,0,1,0,0,A,,,,
2024-25,2024-12-03,20:15,14,Leicester City,West Ham United,3,1,1,0,H,,,,
2024-25,2024-12-04,19:30,14,Everton,Wolverhampton Wanderers,4,0,2,0,H,,,,
2024-25,2024-12-04,,14,Manchester City,Nottingham Forest,3,0,2,0,H,,,,
2024-25,2024-12-04,,14,Newcastle United,Liverpool,3,3,1,0,D,,,,
2024-25,2024-12-04,,14,Southampton,Chelsea,1,5,1,3,A,,,,
2024-25,2024-12-04,20:15,14,Arsenal,Manchester United,2,0,0,0,H,,,,
2024-25,2024-12-04,,14,Aston Villa,Brentford,3,1,3,0,H,,,,
2024-25,2024-12-05,19:30,14,Fulham,Brighton & Hove Albion,3,1,1,0,H,,,,
2024-25,2024-12-05,20:15,14,Bournemouth,Tottenham Hotspur,1,0,1,0,H,,,,
2024-25,2024-12-07,15:00,15,Aston Villa,Southampton,1,0,1,0,H,,,,
2024-25,2024-12-07,,15,Brentford,Newcastle United,4,2,2,2,H,,,,
2024-25,2024-12-07,,15,Crystal Palace,Manchester City,2,2,1,1,D,,,,
2024-25,2024-12-07,17:30,15,Manchester United,Nottingham Forest,2,3,1,1,A,,,,
2024-25,2024-12-08,14:00,15,Fulham,Arsenal,1,1,1,0,D,,,,
2024-25,2024-12-08,,15,Ipswich Town,Bournemouth,1,2,1,0,A,,,,
2024-25,2024-12-08,,15,Leicester City,Brighton & Hove Albion,2,2,0,1,D,,,,
2024-25,2024-12-08,16:30,15,Tottenham Hotspur,Chelsea,3,4,2,1,A,,,,
2024-25,2024-12-09,20:00,15,West Ham United,Wolverhampton Wanderers,2,1,0,0,H,,,,
2024-25,2024-12-14,15:00,16,Arsenal,Everton,0,0,,,D,,,,
2024-25,2024-12-14,,16,Liverpool,Fulham,2,2,0,1,D,,,,
2024-25,2024-12-14,,16,Newcastle United,Leicester City,4,0,1,0,H,,,,
2024-25,2024-12-14,,16,Wolverhampton Wanderers,Ipswich Town,1,2,0,1,A,,,,
2024-25,2024-12-14,17:30,16,Nottingham Forest,Aston Villa,2,1,0,0,H,,,,
2024-25,2024-12-15,14:00,16,Brighton & Hove Albion,Crystal Palace,1,3,0,2,A,,,,
2024-25,2024-12-15,16:30,16,Manchester City,Manchester United,1,2,1,0,A,,,,
2024-25,2024-12-15,19:00,16,Chelsea,Brentford,2,1,1,0,H,,,,
2024-25,2024-12-15,,16,Southampton,Tottenham Hotspur,0,5,0,5,A,,,,
2024-25,2024-12-16,20:00,16,Bournemouth,West Ham United,1,1,0,0,D,,,,
2024-25,2024-12-21,12:30,17,Aston Villa,Manchester City,2,1,1,0,H,,,,
2024-25,2024-12-21,15:00,17,Brentford,Nottingham Forest,0,2,0,1,A,,,,
2024-25,2024-12-21,,17,Ipswich Town,Newcastle United,0,4,0,3,A,,,,
2024-25,2024-12-21,,17,West Ham United,Brighton & Hove Albion,1,1,0,0,D,,,,
2024-25,2024-12-21,17:30,17,Crystal Palace,Arsenal,1,5,1,3,A,,,,
2024-25,2024-12-22,14:00,17,Everton,Chelsea,0,0,,,D,,,,
2024-25,2024-12-22,,17,Fulham,Southampton,0,0,,,D,,,,
2024-25,2024-12-22,,17,Leicester City,Wolverhampton Wanderers,0,3,0,3,A,,,,
2024-25,2024-12-22,,17,Manchester United,Bournemouth,0,3,0,1,A,,,,
2024-25,2024-12-22,16:30,17,Tottenham Hotspur,Liverpool,3,6,1,3,A,,,,
2024-25,2024-12-26,12:30,18,Manchester City,Everton,1,1,1,1,D,,,,
2024-25,2024-12-26,15:00,18,Bournemouth,Crystal Palace,0,0,,,D,,,,
2024-25,2024-12-26,,18,Chelsea,Fulham,1,2,1,0,A,,,,
2024-25,2024-12-26,,18,Newcastle United,Aston Villa,3,0,1,0,H,,,,
2024-25,2024-12-26,,18,Nottingham Forest,Tottenham Hotspur,1,0,1,0,H,,,,
2024-25,2024-12-26,,18,Southampton,West Ham United,0,1,0,0,A,,,,
2024-25,2024-12-26,17:30,18,Wolverhampton Wanderers,Manchester United,2,0,0,0,H,,,,
2024-25,2024-12-26,20:00,18,Liverpool,Leicester City,3,1,1,1,H,,,,
2024-25,2024-12-27,19:30,18,Brighton & Hove Albion,Brentford,0,0,,,D,,,,
2024-25,2024-12-27,20:15,18,Arsenal,Ipswich Town,1,0,1,0,H,,,,
2024-25,2024-12-29,14:30,19,Leicester City,Manchester City,0,2,0,1,A,,,,
2024-25,2024-12-29,15:00,19,Crystal Palace,Southampton,2,1,1,1,H,,,,
2024-25,2024-12-29,,19,Everton,Nottingham Forest,0,2,0,1,A,,,,
2024-25,2024-12-29,,19,Fulham,Bournemouth,2,2,1,0,D,,,,
2024-25,2024-12-29,,19,Tottenham Hotspur,Wolverhampton Wanderers,2,2,2,1,D,,,,
2024-25,2024-12-29,17:15,19,West Ham United,Liverpool,0,5,0,3,A,,,,
2024-25,2024-12-30,19:45,19,Aston Villa,Brighton & Hove Albion,2,2,1,1,D,,,,
2024-25,2024-12-30,,19,Ipswich Town,Chelsea,2,0,1,0,H,,,,
2024-25,2024-12-30,20:00,19,Manchester United,Newcastle United,0,2,0,2,A,,,,
2024-25,2025-01-01,17:30,19,Brentford,Arsenal,1,3,1,1,A,,,,
2024-25,2025-01-04,12:30,20,Tottenham Hotspur,Newcastle United,1,2,1,2,A,,,,
2024-25,2025-01-04,15:00,20,Southampton,Brentford,0,5,0,1,A,,,,
2024-25,2025-01-04,,20,Crystal Palace,Chelsea,1,1,0,1,D,,,,
2024-25,2025-01-04,,20,Bournemouth,Everton,1,0,0,0,H,,,,
2024-25,2025-01-04,,20,Aston Villa,Leicester City,2,1,0,0,H,,,,
2024-25,2025-01-04,,20,Manchester City,West Ham United,4,1,2,0,H,,,,
2024-25,2025-01-04,17:30,20,Brighton & Hove Albion,Arsenal,1,1,0,1,D,,,,
2024-25,2025-01-05,14:00,20,Fulham,Ipswich Town,2,2,0,1,D,,,,
2024-25,2025-01-05,16:30,20,Liverpool,Manchester United,2,2,0,0,D,,,,
2024-25,2025-01-06,20:00,20,Wolverhampton Wanderers,Nottingham Forest,0,3,0,2,A,,,,
2024-25,2025-01-14,19:30,21,West Ham United,Fulham,3,2,2,0,H,,,,
2024-25,2025-01-14,,21,Brentford,Manchester City,2,2,0,0,D,,,,
2024-25,2025-01-14,,21,Chelsea,Bournemouth,2,2,1,0,D,,,,
2024-25,2025-01-14,20:00,21,Nottingham Forest,Liverpool,1,1,1,0,D,,,,
2024-25,2025-01-15,19:30,21,Everton,Aston Villa,0,1,0,0,A,,,,
2024-25,2025-01-15,,21,Leicester City,Crystal Palace,0,2,0,0,A,,,,
2024-25,2025-01-15,,21,Newcastle United,Wolverhampton Wanderers,3,0,1,0,H,,,,
2024-25,2025-01-15,20:00,21,Arsenal,Tottenham Hotspur,2,1,2,1,H,,,,
2024-25,2025-01-16,19:30,21,Ipswich Town,Brighton & Hove Albion,0,2,0,0,A,,,,
2024-25,2025-01-16,20:00,21,Manchester United,Southampton,3,1,0,1,H,,,,
2024-25,2025-01-18,12:30,22,Newcastle United,Bournemouth,1,4,1,2,A,,,,
2024-25,2025-01-18,15:00,22,West Ham United,Crystal Palace,0,2,0,0,A,,,,
2024-25,2025-01-18,,22,Leicester City,Fulham,0,2,0,0,A,,,,
2024-25,2025-01-18,,22,Brentford,Liverpool,0,2,0,0,A,,,,
2024-25,2025-01-18,17:30,22,Arsenal,Aston Villa,2,2,1,0,D,,,,
2024-25,2025-01-19,14:00,22,Manchester United,Brighton & Hove Albion,1,3,1,1,A,,,,
2024-25,2025-01-19,,22,Nottingham Forest,Southampton,3,2,3,0,H,,,,
2024-25,2025-01-19,,22,Everton,Tottenham Hotspur,3,2,3,0,H,,,,
2024-25,2025-01-19,16:30,22,Ipswich Town,Manchester City,0,6,0,3,A,,,,
2024-25,2025-01-20,20:00,22,Chelsea,Wolverhampton Wanderers,3,1,1,1,H,,,,
2024-25,2025-01-25,15:00,23,Liverpool,Ipswich Town,4,1,3,0,H,,,,
2024-25,2025-01-25,,23,Wolverhampton Wanderers,Arsenal,0,1,0,0,A,,,,
2024-25,2025-01-25,,23,Brighton & Hove Albion,Everton,0,1,0,1,A,,,,
2024-25,2025-01-25,,23,Southampton,Newcastle United,1,3,1,2,A,,,,
2024-25,2025-01-25,,23,Bournemouth,Nottingham Forest,5,0,1,0,H,,,,
2024-25,2025-01-25,17:30,23,Manchester City,Chelsea,3,1,1,1,H,,,,
2024-25,2025-01-26,14:00,23,Crystal Palace,Brentford,1,2,0,0,A,,,,
2024-25,2025-01-26,,23,Tottenham Hotspur,Leicester City,1,2,1,0,A,,,,
2024-25,2025-01-26,16:30,23,Aston Villa,West Ham United,1,1,1,0,D,,,,
2024-25,2025-01-26,19:00,23,Fulham,Manchester United,0,1,0,0,A,,,,
2024-25,2025-02-01,12:30,24,Nottingham Forest,Brighton & Hove Albion,7,0,3,0,H,,,,
2024-25,2025-02-01,15:00,24,Newcastle United,Fulham,1,2,1,0,A,,,,
2024-25,2025-02-01,,24,Everton,Leicester City,4,0,3,0,H,,,,
2024-25,2025-02-01,,24,Bournemouth,Liverpool,0,2,0,1,A,,,,
2024-25,2025-02-01,,24,Ipswich Town,Southampton,1,2,1,1,A,,,,
2024-25,2025-02-01,17:30,24,Wolverhampton Wanderers,Aston Villa,2,0,1,0,H,,,,
2024-25,2025-02-02,14:00,24,Manchester United,Crystal Palace,0,2,0,0,A,,,,
2024-25,2025-02-02,,24,Brentford,Tottenham Hotspur,0,2,0,1,A,,,,
2024-25,2025-02-02,16:30,24,Arsenal,Manchester City,5,1,1,0,H,,,,
2024-25,2025-02-03,20:00,24,Chelsea,West Ham United,2,1,0,1,H,,,,
2024-25,2025-02-12,19:30,15,Everton,Liverpool,2,2,1,1,D,,,,
2024-25,2025-02-14,20:00,25,Brighton & Hove Albion,Chelsea,3,0,2,0,H,,,,
2024-25,2025-02-15,12:30,25,Leicester City,Arsenal,0,2,0,0,A,,,,
2024-25,2025-02-15,15:00,25,Southampton,Bournemouth,1,3,0,2,A,,,,
2024-25,2025-02-15,,25,West Ham United,Brentford,0,1,0,1,A,,,,
2024-25,2025-02-15,,25,Aston Villa,Ipswich Town,1,1,0,0,D,,,,
2024-25,2025-02-15,,25,Manchester City,Newcastle United,4,0,3,0,H,,,,
2024-25,2025-02-15,,25,Fulham,Nottingham Forest,2,1,1,1,H,,,,
2024-25,2025-02-15,17:30,25,Crystal Palace,Everton,1,2,0,1,A,,,,
2024-25,2025-02-16,14:00,25,Liverpool,Wolverhampton Wanderers,2,1,2,0,H,,,,
2024-25,2025-02-16,16:30,25,Tottenham Hotspur,Manchester United,1,0,1,0,H,,,,
2024-25,2025-02-19,19:30,29,Aston Villa,Liverpool,2,2,2,1,D,,,,
2024-25,2025-02-21,20:00,26,Leicester City,Brentford,0,4,0,3,A,,,,
2024-25,2025-02-22,12:30,26,Everton,Manchester United,2,2,2,0,D,,,,
2024-25,2025-02-22,15:00,26,Ipswich Town,Tottenham Hotspur,1,4,1,2,A,,,,
2024-25,2025-02-22,,26,Fulham,Crystal Palace,0,2,0,1,A,,,,
2024-25,2025-02-22,,26,Arsenal,West Ham United,0,1,0,1,A,,,,
2024-25,2025-02-22,,26,Bournemouth,Wolverhampton Wanderers,0,1,0,1,A,,,,
2024-25,2025-02-22,,26,Southampton,Brighton & Hove Albion,0,4,0,1,A,,,,
2024-25,2025-02-22,17:30,26,Aston Villa,Chelsea,2,1,0,1,H,,,,
2024-25,2025-02-23,14:00,26,Newcastle United,Nottingham Forest,4,3,4,1,H,,,,
2024-25,2025-02-23,16:30,26,Manchester City,Liverpool,0,2,0,2,A,,,,
2024-25,2025-02-25,19:30,27,Brighton & Hove Albion,Bournemouth,2,1,1,0,H,,,,
2024-25,2025-02-25,,27,Crystal Palace,Aston Villa,4,1,1,0,H,,,,
2024-25,2025-02-25,,27,Wolverhampton Wanderers,Fulham,1,2,1,1,A,,,,
2024-25,2025-02-25,20:15,27,Chelsea,Southampton,4,0,3,0,H,,,,
2024-25,2025-02-26,19:30,27,Nottingham Forest,Arsenal,0,0,,,D,,,,
2024-25,2025-02-26,,27,Brentford,Everton,1,1,1,0,D,,,,
2024-25,2025-02-26,,27,Tottenham Hotspur,Manchester City,0,1,0,1,A,,,,
2024-25,2025-02-26,,27,Manchester United,Ipswich Town,3,2,2,2,H,,,,
2024-25,2025-02-26,20:15,27,Liverpool,Newcastle United,2,0,1,0,H,,,,
2024-25,2025-02-27,20:00,27,West Ham United,Leicester City,2,0,2,0,H,,,,
2024-25,2025-03-08,12:30,28,Nottingham Forest,Manchester City,1,0,0,0,H,,,,
2024-25,2025-03-08,15:00,28,Brighton & Hove Albion,Fulham,2,1,1,1,H,,,,
2024-25,2025-03-08,,28,Crystal Palace,Ipswich Town,1,0,0,0,H,,,,
2024-25,2025-03-08,,28,Liverpool,Southampton,3,1,0,1,H,,,,
2024-25,2025-03-08,17:30,28,Brentford,Aston Villa,0,1,0,0,A,,,,
2024-25,2025-03-08,20:00,28,Wolverhampton Wanderers,Everton,1,1,1,1,D,,,,
2024-25,2025-03-09,14:00,28,Tottenham Hotspur,Bournemouth,2,2,0,1,D,,,,
2024-25,2025-03-09,,28,Chelsea,Leicester City,1,0,0,0,H,,,,
2024-25,2025-03-09,16:30,28,Manchester United,Arsenal,1,1,1,0,D,,,,
2024-25,2025-03-10,20:00,28,West Ham United,Newcastle United,0,1,0,0,A,,,,
2024-25,2025-03-15,15:00,29,Everton,West Ham United,1,1,0,0,D,,,,
2024-25,2025-03-15,,29,Ipswich Town,Nottingham Forest,2,4,0,3,A,,,,
2024-25,2025-03-15,,29,Manchester City,Brighton & Hove Albion,2,2,2,1,D,,,,
2024-25,2025-03-15,,29,Southampton,Wolverhampton Wanderers,1,2,0,1,A,,,,
2024-25,2025-03-15,17:30,29,Bournemouth,Brentford,1,2,1,1,A,,,,
2024-25,2025-03-16,13:30,29,Arsenal,Chelsea,1,0,1,0,H,,,,
2024-25,2025-03-16,,29,Fulham,Tottenham Hotspur,2,0,0,0,H,,,,
2024-25,2025-03-16,19:00,29,Leicester City,Manchester United,0,3,0,1,A,,,,
2024-25,2025-04-01,19:45,30,Arsenal,Fulham,2,1,1,0,H,,,,
2024-25,2025-04-01,,30,Wolverhampton Wanderers,West Ham United,1,0,1,0,H,,,,
2024-25,2025-04-01,20:00,30,Nottingham Forest,Manchester United,1,0,1,0,H,,,,
2024-25,2025-04-02,19:45,30,Bournemouth,Ipswich Town,1,2,0,1,A,,,,
2024-25,2025-04-02,,30,Brighton & Hove Albion,Aston Villa,0,3,0,0,A,,,,
2024-25,2025-04-02,,30,Manchester City,Leicester City,2,0,2,0,H,,,,
2024-25,2025-04-02,,30,Newcastle United,Brentford,2,1,1,0,H,,,,
2024-25,2025-04-02,,30,Southampton,Crystal Palace,1,1,1,0,D,,,,
2024-25,2025-04-02,20:00,30,Liverpool,Everton,1,0,0,0,H,,,,
2024-25,2025-04-03,20:00,30,Chelsea,Tottenham Hotspur,1,0,0,0,H,,,,
2024-25,2025-04-05,12:30,31,Everton,Arsenal,1,1,0,1,D,,,,
2024-25,2025-04-05,15:00,31,Crystal Palace,Brighton & Hove Albion,2,1,1,1,H,,,,
2024-25,2025-04-05,,31,Ipswich Town,Wolverhampton Wanderers,1,2,1,0,A,,,,
2024-25,2025-04-05,,31,West Ham United,Bournemouth,2,2,0,1,D,,,,
2024-25,2025-04-05,17:30,31,Aston Villa,Nottingham Forest,2,1,2,0,H,,,,
2024-25,2025-04-06,14:00,31,Brentford,Chelsea,0,0,,,D,,,,
2024-25,2025-04-06,,31,Fulham,Liverpool,3,2,3,1,H,,,,
2024-25,2025-04-06,,31,Tottenham Hotspur,Southampton,3,1,2,0,H,,,,
2024-25,2025-04-06,16:30,31,Manchester United,Manchester City,0,0,,,D,,,,
2024-25,2025-04-07,20:00,31,Leicester City,Newcastle United,0,3,0,3,A,,,,
2024-25,2025-04-12,12:30,32,Manchester City,Crystal Palace,5,2,2,2,H,,,,
2024-25,2025-04-12,15:00,32,Brighton & Hove Albion,Leicester City,2,2,1,1,D,,,,
2024-25,2025-04-12,,32,Nottingham Forest,Everton,0,1,0,0,A,,,,
2024-25,2025-04-12,,32,Southampton,Aston Villa,0,3,0,0,A,,,,
2024-25,2025-04-12,17:30,32,Arsenal,Brentford,1,1,0,0,D,,,,
2024-25,2025-04-13,14:00,32,Chelsea,Ipswich Town,2,2,0,2,D,,,,
2024-25,2025-04-13,,32,Liverpool,West Ham United,2,1,1,0,H,,,,
2024-25,2025-04-13,,32,Wolverhampton Wanderers,Tottenham Hotspur,4,2,2,0,H,,,,
2024-25,2025-04-13,16:30,32,Newcastle United,Manchester United,4,1,1,1,H,,,,
2024-25,2025-04-14,20:00,32,Bournemouth,Fulham,1,0,1,0,H,,,,
2024-25,2025-04-16,19:30,29,Newcastle United,Crystal Palace,5,0,4,0,H,,,,
2024-25,2025-04-19,15:00,33,Brentford,Brighton & Hove Albion,4,2,1,1,H,,,,
2024-25,2025-04-19,,33,Crystal Palace,Bournemouth,0,0,,,D,,,,
2024-25,2025-04-19,,33,Everton,Manchester City,0,2,0,0,A,,,,
2024-25,2025-04-19,,33,West Ham United,Southampton,1,1,0,0,D,,,,
2024-25,2025-04-19,17:30,33,Aston Villa,Newcastle United,4,1,1,1,H,,,,
2024-25,2025-04-20,14:00,33,Fulham,Chelsea,1,2,1,0,A,,,,
2024-25,2025-04-20,,33,Ipswich Town,Arsenal,0,4,0,2,A,,,,
2024-25,2025-04-20,,33,Manchester United,Wolverhampton Wanderers,0,1,0,0,A,,,,
2024-25,2025-04-20,16:30,33,Leicester City,Liverpool,0,1,0,0,A,,,,
2024-25,2025-04-21,20:00,33,Tottenham Hotspur,Nottingham Forest,1,2,0,2,A,,,,
2024-25,2025-04-22,20:00,34,Manchester City,Aston Villa,2,1,1,1,H,,,,
2024-25,2025-04-23,20:00,34,Arsenal,Crystal Palace,2,2,2,1,D,,,,
2024-25,2025-04-26,12:30,34,Chelsea,Everton,1,0,1,0,H,,,,
2024-25,2025-04-26,15:00,34,Brighton & Hove Albion,West Ham United,3,2,1,0,H,,,,
2024-25,2025-04-26,,34,Newcastle United,Ipswich Town,3,0,1,0,H,,,,
2024-25,2025-04-26,,34,Southampton,Fulham,1,2,1,0,A,,,,
2024-25,2025-04-26,,34,Wolverhampton Wanderers,Leicester City,3,0,1,0,H,,,,
2024-25,2025-04-27,14:00,34,Bournemouth,Manchester United,1,1,1,0,D,,,,
2024-25,2025-04-27,16:30,34,Liverpool,Tottenham Hotspur,5,1,3,1,H,,,,
2024-25,2025-05-01,19:30,34,Nottingham Forest,Brentford,0,2,0,1,A,,,,
2024-25,2025-05-02,20:00,35,Manchester City,Wolverhampton Wanderers,1,0,1,0,H,,,,
2024-25,2025-05-03,12:30,35,Aston Villa,Fulham,1,0,1,0,H,,,,
2024-25,2025-05-03,15:00,35,Everton,Ipswich Town,2,2,2,1,D,,,,
2024-25,2025-05-03,,35,Leicester City,Southampton,2,0,2,0,H,,,,
2024-25,2025-05-03,17:30,35,Arsenal,Bournemouth,1,2,1,0,A,,,,
2024-25,2025-05-04,14:00,35,Brentford,Manchester United,4,3,2,1,H,,,,
2024-25,2025-05-04,,35,Brighton & Hove Albion,Newcastle United,1,1,1,0,D,,,,
2024-25,2025-05-04,,35,West Ham United,Tottenham Hotspur,1,1,1,1,D,,,,
2024-25,2025-05-04,16:30,35,Chelsea,Liverpool,3,1,1,0,H,,,,
2024-25,2025-05-05,20:00,35,Crystal Palace,Nottingham Forest,1,1,0,0,D,,,,
2024-25,2025-05-10,15:00,36,Fulham,Everton,1,3,1,1,A,,,,
2024-25,2025-05-10,,36,Ipswich Town,Brentford,0,1,0,1,A,,,,
2024-25,2025-05-10,,36,Southampton,Manchester City,0,0,,,D,,,,
2024-25,2025-05-10,,36,Wolverhampton Wanderers,Brighton & Hove Albion,0,2,0,1,A,,,,
2024-25,2025-05-10,17:30,36,Bournemouth,Aston Villa,0,1,0,1,A,,,,
2024-25,2025-05-11,12:00,36,Newcastle United,Chelsea,2,0,1,0,H,,,,
2024-25,2025-05-11,14:15,36,Manchester United,West Ham United,0,2,0,1,A,,,,
2024-25,2025-05-11,,36,Nottingham Forest,Leicester City,2,2,1,1,D,,,,
2024-25,2025-05-11,,36,Tottenham Hotspur,Crystal Palace,0,2,0,1,A,,,,
2024-25,2025-05-11,16:30,36,Liverpool,Arsenal,2,2,2,0,D,,,,
2024-25,2025-05-16,19:30,37,Aston Villa,Tottenham Hotspur,2,0,0,0,H,,,,
2024-25,2025-05-16,20:15,37,Chelsea,Manchester United,1,0,0,0,H,,,,
2024-25,2025-05-18,12:00,37,Everton,Southampton,2,0,2,0,H,,,,
2024-25,2025-05-18,14:15,37,West Ham United,Nottingham Forest,1,2,0,1,A,,,,
2024-25,2025-05-18,15:00,37,Brentford,Fulham,2,3,2,1,A,,,,
2024-25,2025-05-18,,37,Leicester City,Ipswich Town,2,0,1,0,H,,,,
2024-25,2025-05-18,16:30,37,Arsenal,Newcastle United,1,0,0,0,H,,,,
2024-25,2025-05-19,20:00,37,Brighton & Hove Albion,Liverpool,3,2,1,2,H,,,,
2024-25,2025-05-20,20:00,37,Crystal Palace,Wolverhampton Wanderers,4,2,2,1,H,,,,
2024-25,2025-05-20,,37,Manchester City,Bournemouth,3,1,2,0,H,,,,
2024-25,2025-05-25,16:00,38,Bournemouth,Leicester City,2,0,0,0,H,,,,
2024-25,2025-05-25,,38,Fulham,Manchester City,0,2,0,1,A,,,,
2024-25,2025-05-25,,38,Ipswich Town,West Ham United,1,3,0,1,A,,,,
2024-25,2025-05-25,,38,Liverpool,Crystal Palace,1,1,0,1,D,,,,
2024-25,2025-05-25,,38,Manchester United,Aston Villa,2,0,0,0,H,,,,
2024-25,2025-05-25,,38,Newcastle United,Everton,0,1,0,0,A,,,,
2024-25,2025-05-25,,38,Nottingham Forest,Chelsea,0,1,0,0,A,,,,
2024-25,2025-05-25,,38,Southampton,Arsenal,1,2,0,1,A,,,,
2024-25,2025-05-25,,38,Tottenham Hotspur,Brighton & Hove Albion,1,4,1,0,A,,,,
2024-25,2025-05-25,,38,Wolverhampton Wanderers,Brentford,1,1,0,1,D,,,,
2025-26,2025-08-15,19:00,1,Liverpool,Bournemouth,4,2,1,0,H,Anfield,Liverpool,60315,Anthony Taylor
2025-26,2025-08-16,12:30,1,Aston Villa,Newcastle United,0,0,0,0,D,Villa Park,Birmingham,42526,Craig Pawson
2025-26,2025-08-16,14:00,1,Sunderland,West Ham United,3,0,0,0,H,Stadium of Light,Sunderland,46233,Robert Jones
2025-26,2025-08-16,15:00,1,Brighton & Hove Albion,Fulham,1,1,0,0,D,American Express Stadium,Brighton,31478,Samuel Barrott
2025-26,2025-08-16,15:00,1,Tottenham Hotspur,Burnley,3,0,1,0,H,Tottenham Hotspur Stadium,London,61077,Michael Oliver
2025-26,2025-08-16,17:30,1,Wolverhampton Wanderers,Manchester City,0,4,0,2,A,Molineux Stadium,Wolverhampton,31118,Jarred Gillett
2025-26,2025-08-17,14:00,1,Chelsea,Crystal Palace,0,0,0,0,D,Stamford Bridge,London,39678,Darren England
2025-26,2025-08-17,14:00,1,Nottingham Forest,Brentford,3,1,3,0,H,The City Ground,Nottingham,29949,Peter Bankes
2025-26,2025-08-17,16:30,1,Manchester United,Arsenal,0,1,0,1,A,Old Trafford,Manchester,73475,Simon Hooper
2025-26,2025-08-18,20:00,1,Leeds United,Everton,1,0,0,0,H,Elland Road,Leeds,,Chris Kavanagh
2025-26,2025-08-22,20:00,2,West Ham United,Chelsea,1,5,1,3,A,London Stadium,London,62462,Michael Oliver
2025-26,2025-08-23,12:30,2,Manchester City,Tottenham Hotspur,0,2,0,2,A,Etihad Stadium,Manchester,52491,Peter Bankes
2025-26,2025-08-23,15:00,2,Burnley,Sunderland,2,0,0,0,H,Turf Moor,Burnley,21285,Michael Salisbury
2025-26,2025-08-23,15:00,2,Brentford,Aston Villa,1,0,1,0,H,Gtech Community Stadium,Brentford,16838,Tony Harrington
2025-26,2025-08-23,15:00,2,Bournemouth,Wolverhampton Wanderers,1,0,1,0,H,Vitality Stadium,Bournemouth,11070,Thomas Bramall
2025-26,2025-08-23,17:30,2,Arsenal,Leeds United,5,0,2,0,H,Emirates Stadium,London,60110,Jarred Gillett
2025-26,2025-08-24,14:00,2,Crystal Palace,Nottingham Forest,1,1,1,0,D,Selhurst Park,London,24876,Anthony Taylor
2025-26,2025-08-24,13:00,2,Everton,Brighton & Hove Albion,2,0,1,0,H,Hill Dickinson Stadium,Liverpool,,Stuart Attwell
2025-26,2025-08-24,16:30,2,Fulham,Manchester United,1,1,0,0,D,Craven Cottage,London,27512,Chris Kavanagh
2025-26,2025-08-25,20:00,2,Newcastle United,Liverpool,2,3,0,1,A,St. James' Park,Newcastle upon Tyne,52230,Simon Hooper
2025-26,2025-08-30,12:30,3,Chelsea,Fulham,2,0,1,0,H,Stamford Bridge,London,39745,Robert Jones
2025-26,2025-08-30,15:00,3,Tottenham Hotspur,Bournemouth,0,1,0,1,A,Tottenham Hotspur Stadium,London,61250,Simon Hooper
2025-26,2025-08-30,14:00,3,Sunderland,Brentford,2,1,0,0,H,Stadium of Light,Sunderland,46267,Anthony Taylor
2025-26,2025-08-30,15:00,3,Manchester United,Burnley,3,2,1,0,H,Old Trafford,Manchester,74257,Samuel Barrott
2025-26,2025-08-30,15:00,3,Wolverhampton Wanderers,Everton,2,3,1,2,A,Molineux Stadium,Wolverhampton,30271,Michael Oliver
2025-26,2025-08-30,17:30,3,Leeds United,Newcastle United,0,0,0,0,D,Elland Road,Leeds,,Peter Bankes
2025-26,2025-08-31,14:00,3,Brighton & Hove Albion,Manchester City,2,1,0,1,H,American Express Stadium,Brighton,31485,Darren England
2025-26,2025-08-31,14:00,3,Nottingham Forest,West Ham United,0,3,0,0,A,The City Ground,Nottingham,30215,Craig Pawson
2025-26,2025-08-31,15:30,3,Liverpool,Arsenal,1,0,0,0,H,Anfield,Liverpool,60455,Chris Kavanagh
2025-26,2025-08-31,19:00,3,Aston Villa,Crystal Palace,0,3,0,1,A,Villa Park,Birmingham,41036,Stuart Attwell
2025-26,2025-09-13,12:30,4,Arsenal,Nottingham Forest,3,0,1,0,H,Emirates Stadium,London,60167,Darren England
2025-26,2025-09-13,15:00,4,Newcastle United,Wolverhampton Wanderers,1,0,1,0,H,St. James' Park,Newcastle upon Tyne,52145,Chris Kavanagh
2025-26,2025-09-13,15:00,4,Bournemouth,Brighton & Hove Albion,2,1,1,0,H,Vitality Stadium,Bournemouth,11167,Peter Bankes
2025-26,2025-09-13,15:00,4,Crystal Palace,Sunderland,0,0,0,0,D,Selhurst Park,London,25154,Thomas Bramall
2025-26,2025-09-13,15:00,4,Fulham,Leeds United,1,0,0,0,H,Craven Cottage,London,27327,Craig Pawson
2025-26,2025-09-13,14:00,4,Everton,Aston Villa,0,0,0,0,D,Hill Dickinson Stadium,Liverpool,,Simon Hooper
2025-26,2025-09-13,17:30,4,West Ham United,Tottenham Hotspur,0,3,0,0,A,London Stadium,London,62459,Jarred Gillett
2025-26,2025-09-13,20:00,4,Brentford,Chelsea,2,2,1,0,D,Gtech Community Stadium,Brentford,16795,Stuart Attwell
2025-26,2025-09-14,14:00,4,Burnley,Liverpool,0,1,0,0,A,Turf Moor,Burnley,21678,Michael Oliver
2025-26,2025-09-14,16:30,4,Manchester City,Manchester United,3,0,1,0,H,Etihad Stadium,Manchester,52534,Anthony Taylor
2025-26,2025-09-20,11:30,5,Liverpool,Everton,2,1,2,0,H,Anfield,Liverpool,60342,Darren England
2025-26,2025-09-20,15:00,5,Burnley,Nottingham Forest,1,1,1,1,D,Turf Moor,Burnley,21475,Thomas Bramall
2025-26,2025-09-20,15:00,5,Brighton & Hove Albion,Tottenham Hotspur,2,2,2,1,D,American Express Stadium,Brighton,31488,Chris Kavanagh
2025-26,2025-09-20,15:00,5,Wolverhampton Wanderers,Leeds United,1,3,1,3,A,Molineux Stadium,Wolverhampton,30807,Anthony Taylor
2025-26,2025-09-20,15:00,5,West Ham United,Crystal Palace,1,2,0,1,A,London Stadium,London,62455,Tony Harrington
2025-26,2025-09-20,17:30,5,Manchester United,Chelsea,2,1,2,0,H,Old Trafford,Manchester,74124,Peter Bankes
2025-26,2025-09-20,20:00,5,Fulham,Brentford,3,1,2,1,H,Craven Cottage,London,26113,Michael Oliver
2025-26,2025-09-21,13:00,5,Sunderland,Aston Villa,1,1,0,0,D,Stadium of Light,Sunderland,46261,Samuel Barrott
2025-26,2025-09-21,14:00,5,Bournemouth,Newcastle United,0,0,0,0,D,Vitality Stadium,Bournemouth,11212,Robert Jones
2025-26,2025-09-21,16:30,5,Arsenal,Manchester City,1,1,0,1,D,Emirates Stadium,London,60161,Stuart Attwell
2025-26,2025-09-27,12:30,6,Brentford,Manchester United,3,1,2,1,H,Gtech Community Stadium,Brentford,17193,Craig Pawson
2025-26,2025-09-27,15:00,6,Crystal Palace,Liverpool,2,1,1,0,H,Selhurst Park,London,25118,Chris Kavanagh
2025-26,2025-09-27,15:00,6,Chelsea,Brighton & Hove Albion,1,3,1,0,A,Stamford Bridge,London,39597,Simon Hooper
2025-26,2025-09-27,15:00,6,Manchester City,Burnley,5,1,1,1,H,Etihad Stadium,Manchester,52427,Robert Jones
2025-26,2025-09-27,15:00,6,Leeds United,Bournemouth,2,2,1,1,D,Elland Road,Leeds,,Michael Oliver
2025-26,2025-09-27,17:30,6,Nottingham Forest,Sunderland,0,1,0,1,A,The City Ground,Nottingham,30226,Tony Harrington
2025-26,2025-09-27,20:00,6,Tottenham Hotspur,Wolverhampton Wanderers,1,1,0,0,D,Tottenham Hotspur Stadium,London,60537,Michael Salisbury
2025-26,2025-09-28,14:00,6,Aston Villa,Fulham,3,1,1,1,H,Villa Park,Birmingham,40350,Andy Madley
2025-26,2025-09-28,16:30,6,Newcastle United,Arsenal,1,2,1,0,A,St. James' Park,Newcastle upon Tyne,52199,Jarred Gillett
2025-26,2025-09-29,19:00,6,Everton,West Ham United,1,1,1,0,D,Hill Dickinson Stadium,Liverpool,,Samuel Barrott
2025-26,2025-10-03,20:00,7,Bournemouth,Fulham,3,1,0,0,H,Vitality Stadium,Bournemouth,11165,Simon Hooper
2025-26,2025-10-04,12:30,7,Leeds United,Tottenham Hotspur,1,2,1,1,A,Elland Road,Leeds,,Thomas Bramall
2025-26,2025-10-04,15:00,7,Manchester United,Sunderland,2,0,2,0,H,Old Trafford,Manchester,74004,Stuart Attwell
2025-26,2025-10-04,15:00,7,Arsenal,West Ham United,2,0,1,0,H,Emirates Stadium,London,60181,John Brooks
2025-26,2025-10-04,17:30,7,Chelsea,Liverpool,2,1,1,0,H,Stamford Bridge,London,39769,Anthony Taylor
2025-26,2025-10-05,14:00,7,Newcastle United,Nottingham Forest,2,0,0,0,H,St. James' Park,Newcastle upon Tyne,52189,Peter Bankes
2025-26,2025-10-05,14:00,7,Aston Villa,Burnley,2,1,1,0,H,Villa Park,Birmingham,40308,Andrew Kitchen
2025-26,2025-10-05,14:00,7,Wolverhampton Wanderers,Brighton & Hove Albion,1,1,1,0,D,Molineux Stadium,Wolverhampton,29504,Jarred Gillett
2025-26,2025-10-05,13:00,7,Everton,Crystal Palace,2,1,0,1,H,Hill Dickinson Stadium,Liverpool,,Michael Salisbury
2025-26,2025-10-05,16:30,7,Brentford,Manchester City,0,1,0,1,A,Gtech Community Stadium,Brentford,17140,Darren England
2025-26,2025-10-18,12:30,8,Nottingham Forest,Chelsea,0,3,0,0,A,The City Ground,Nottingham,30495,Chris Kavanagh
2025-26,2025-10-18,14:00,8,Sunderland,Wolverhampton Wanderers,2,0,1,0,H,Stadium of Light,Sunderland,46578,Robert Jones
2025-26,2025-10-18,15:00,8,Brighton & Hove Albion,Newcastle United,2,1,1,0,H,American Express Stadium,Brighton,31620,Craig Pawson
2025-26,2025-10-18,15:00,8,Manchester City,Everton,2,0,0,0,H,Etihad Stadium,Manchester,52498,Tony Harrington
2025-26,2025-10-18,15:00,8,Crystal Palace,Bournemouth,3,3,0,2,D,Selhurst Park,London,25125,Jarred Gillett
2025-26,2025-10-18,15:00,8,Burnley,Leeds United,2,0,1,0,H,Turf Moor,Burnley,21646,Tim Robinson
2025-26,2025-10-18,17:30,8,Fulham,Arsenal,0,1,0,0,A,Craven Cottage,London,27736,Anthony Taylor
2025-26,2025-10-19,14:00,8,Tottenham Hotspur,Aston Villa,1,2,1,1,A,Tottenham Hotspur Stadium,London,61291,Simon Hooper
2025-26,2025-10-19,15:30,8,Liverpool,Manchester United,1,2,0,1,A,Anfield,Liverpool,60337,Michael Oliver
2025-26,2025-10-20,20:00,8,West Ham United,Brentford,0,2,0,1,A,London Stadium,London,62452,Andy Madley
2025-26,2025-10-24,20:00,9,Leeds United,West Ham United,2,1,2,0,H,Elland Road,Leeds,,Stuart Attwell
2025-26,2025-10-25,15:00,9,Chelsea,Sunderland,1,2,1,1,A,Stamford Bridge,London,39489,Andy Madley
2025-26,2025-10-25,15:00,9,Newcastle United,Fulham,2,1,1,0,H,St. James' Park,Newcastle upon Tyne,52152,Peter Bankes
2025-26,2025-10-25,17:30,9,Manchester United,Brighton & Hove Albion,4,2,2,0,H,Old Trafford,Manchester,73987,Anthony Taylor
2025-26,2025-10-25,20:00,9,Brentford,Liverpool,3,2,2,1,H,Gtech Community Stadium,Brentford,17214,Simon Hooper
2025-26,2025-10-26,14:00,9,Aston Villa,Manchester City,1,0,1,0,H,Villa Park,Birmingham,41988,Michael Oliver
2025-26,2025-10-26,14:00,9,Arsenal,Crystal Palace,1,0,1,0,H,Emirates Stadium,London,60103,Thomas Bramall
2025-26,2025-10-26,14:00,9,Wolverhampton Wanderers,Burnley,2,3,2,2,A,Molineux Stadium,Wolverhampton,29116,Tony Harrington
2025-26,2025-10-26,14:00,9,Bournemouth,Nottingham Forest,2,0,2,0,H,Vitality Stadium,Bournemouth,11204,Samuel Barrott
2025-26,2025-10-26,16:30,9,Everton,Tottenham Hotspur,0,3,0,2,A,Hill Dickinson Stadium,Liverpool,,Craig Pawson
2025-26,2025-11-01,15:00,10,Fulham,Wolverhampton Wanderers,3,0,1,0,H,Craven Cottage,London,26413,John Brooks
2025-26,2025-11-01,15:00,10,Crystal Palace,Brentford,2,0,1,0,H,Selhurst Park,London,25083,Peter Bankes
2025-26,2025-11-01,15:00,10,Nottingham Forest,Manchester United,2,2,0,1,D,The City Ground,Nottingham,30778,Darren England
2025-26,2025-11-01,15:00,10,Burnley,Arsenal,0,2,0,2,A,Turf Moor,Burnley,21538,Chris Kavanagh
2025-26,2025-11-01,15:00,10,Brighton & Hove Albion,Leeds United,3,0,1,0,H,American Express Stadium,Brighton,31512,Michael Oliver
2025-26,2025-11-01,17:30,10,Tottenham Hotspur,Chelsea,0,1,0,1,A,Tottenham Hotspur Stadium,London,61202,Jarred Gillett
2025-26,2025-11-01,20:00,10,Liverpool,Aston Villa,2,0,1,0,H,Anfield,Liverpool,60407,Stuart Attwell
2025-26,2025-11-02,14:00,10,West Ham United,Newcastle United,3,1,2,1,H,London Stadium,London,62441,Robert Jones
2025-26,2025-11-02,16:30,10,Manchester City,Bournemouth,3,1,2,1,H,Etihad Stadium,Manchester,52387,Anthony Taylor
2025-26,2025-11-03,20:00,10,Sunderland,Everton,1,1,0,1,D,Stadium of Light,Sunderland,41476,Thomas Bramall
2025-26,2025-11-08,12:30,11,Tottenham Hotspur,Manchester United,2,2,0,1,D,Tottenham Hotspur Stadium,London,61210,Samuel Barrott
2025-26,2025-11-08,15:00,11,Everton,Fulham,2,0,1,0,H,Hill Dickinson Stadium,Liverpool,,Andy Madley
2025-26,2025-11-08,15:00,11,West Ham United,Burnley,3,2,1,1,H,London Stadium,London,62449,Michael Salisbury
2025-26,2025-11-08,17:30,11,Sunderland,Arsenal,2,2,1,0,D,Stadium of Light,Sunderland,46799,Craig Pawson
2025-26,2025-11-08,20:00,11,Chelsea,Wolverhampton Wanderers,3,0,0,0,H,Stamford Bridge,London,39467,Andrew Kitchen
2025-26,2025-11-09,14:00,11,Nottingham Forest,Leeds United,3,1,1,1,H,The City Ground,Nottingham,30708,Jarred Gillett
2025-26,2025-11-09,14:00,11,Aston Villa,Bournemouth,4,0,2,0,H,Villa Park,Birmingham,40792,John Brooks
2025-26,2025-11-09,14:00,11,Brentford,Newcastle United,3,1,0,1,H,Gtech Community Stadium,Brentford,17207,Stuart Attwell
2025-26,2025-11-09,14:00,11,Crystal Palace,Brighton & Hove Albion,0,0,0,0,D,Selhurst Park,London,24326,Tim Robinson
2025-26,2025-11-09,16:30,11,Manchester City,Liverpool,3,0,2,0,H,Etihad Stadium,Manchester,52511,Chris Kavanagh
2025-26,2025-11-22,12:30,12,Burnley,Chelsea,0,2,0,1,A,Turf Moor,Burnley,21499,Peter Bankes
2025-26,2025-11-22,15:00,12,Liverpool,Nottingham Forest,0,3,0,1,A,Anfield,Liverpool,60419,Andy Madley
2025-26,2025-11-22,15:00,12,Wolverhampton Wanderers,Crystal Palace,0,2,0,0,A,Molineux Stadium,Wolverhampton,29976,Anthony Taylor
2025-26,2025-11-22,15:00,12,Fulham,Sunderland,1,0,0,0,H,Craven Cottage,London,27560,Darren England
2025-26,2025-11-22,15:00,12,Bournemouth,West Ham United,2,2,0,2,D,Vitality Stadium,Bournemouth,11216,Thomas Bramall
2025-26,2025-11-22,15:00,12,Brighton & Hove Albion,Brentford,2,1,0,1,H,American Express Stadium,Brighton,31358,Chris Kavanagh
2025-26,2025-11-22,17:30,12,Newcastle United,Manchester City,2,1,0,0,H,St. James' Park,Newcastle upon Tyne,52181,Samuel Barrott
2025-26,2025-11-23,14:00,12,Leeds United,Aston Villa,1,2,1,0,A,Elland Road,Leeds,,Robert Jones
2025-26,2025-11-23,16:30,12,Arsenal,Tottenham Hotspur,4,1,2,0,H,Emirates Stadium,London,60345,Michael Oliver
2025-26,2025-11-24,20:00,12,Manchester United,Everton,0,1,0,1,A,Old Trafford,Manchester,74158,Tony Harrington
2025-26,2025-11-29,15:00,13,Sunderland,Bournemouth,3,2,1,2,H,Stadium of Light,Sunderland,46973,Tim Robinson
2025-26,2025-11-29,15:00,13,Manchester City,Leeds United,3,2,2,0,H,Etihad Stadium,Manchester,52483,Peter Bankes
2025-26,2025-11-29,15:00,13,Brentford,Burnley,3,1,0,0,H,Gtech Community Stadium,Brentford,17176,Samuel Barrott
2025-26,2025-11-29,17:30,13,Everton,Newcastle United,1,4,0,3,A,Hill Dickinson Stadium,Liverpool,,Craig Pawson
2025-26,2025-11-29,20:00,13,Tottenham Hotspur,Fulham,1,2,0,2,A,Tottenham Hotspur Stadium,London,60546,Stuart Attwell
2025-26,2025-11-30,12:00,13,Crystal Palace,Manchester United,1,2,1,0,A,Selhurst Park,London,25189,Robert Jones
2025-26,2025-11-30,14:05,13,West Ham United,Liverpool,0,2,0,0,A,London Stadium,London,62469,Darren England
2025-26,2025-11-30,14:05,13,Aston Villa,Wolverhampton Wanderers,1,0,0,0,H,Villa Park,Birmingham,42139,Chris Kavanagh
2025-26,2025-11-30,14:05,13,Nottingham Forest,Brighton & Hove Albion,0,2,0,1,A,The City Ground,Nottingham,30522,Michael Oliver
2025-26,2025-11-30,16:30,13,Chelsea,Arsenal,1,1,0,0,D,Stamford Bridge,London,39820,Anthony Taylor
2025-26,2025-12-02,19:30,14,Bournemouth,Everton,0,1,0,0,A,Vitality Stadium,Bournemouth,11161,Michael Salisbury
2025-26,2025-12-02,19:30,14,Fulham,Manchester City,4,5,1,3,A,Craven Cottage,London,26700,Craig Pawson
2025-26,2025-12-02,20:15,14,Newcastle United,Tottenham Hotspur,2,2,0,0,D,St. James' Park,Newcastle upon Tyne,52007,Thomas Bramall
2025-26,2025-12-03,19:30,14,Wolverhampton Wanderers,Nottingham Forest,0,1,0,0,A,Molineux Stadium,Wolverhampton,28646,Tim Robinson
2025-26,2025-12-03,19:30,14,Arsenal,Brentford,2,0,1,0,H,Emirates Stadium,London,60110,Tony Harrington
2025-26,2025-12-03,19:30,14,Brighton & Hove Albion,Aston Villa,3,4,2,2,A,American Express Stadium,Brighton,31180,Andy Madley
2025-26,2025-12-03,19:30,14,Burnley,Crystal Palace,0,1,0,1,A,Turf Moor,Burnley,19365,Thomas Kirk
2025-26,2025-12-03,20:15,14,Leeds United,Chelsea,3,1,2,0,H,Elland Road,Leeds,,Darren England
2025-26,2025-12-03,20:15,14,Liverpool,Sunderland,1,1,0,0,D,Anfield,Liverpool,60414,Stuart Attwell
2025-26,2025-12-04,20:00,14,Manchester United,West Ham United,1,1,0,0,D,Old Trafford,Manchester,73938,Andrew Kitchen
2025-26,2025-12-06,12:30,15,Aston Villa,Arsenal,2,1,1,0,H,Villa Park,Birmingham,42888,Peter Bankes
2025-26,2025-12-06,15:00,15,Bournemouth,Chelsea,0,0,0,0,D,Vitality Stadium,Bournemouth,11240,Michael Oliver
2025-26,2025-12-06,15:00,15,Manchester City,Sunderland,3,0,2,0,H,Etihad Stadium,Manchester,52436,Andy Madley
2025-26,2025-12-06,15:00,15,Everton,Nottingham Forest,3,0,2,0,H,Hill Dickinson Stadium,Liverpool,,Chris Kavanagh
2025-26,2025-12-06,15:00,15,Tottenham Hotspur,Brentford,2,0,2,0,H,Tottenham Hotspur Stadium,London,60759,Robert Jones
2025-26,2025-12-06,15:00,15,Newcastle United,Burnley,2,1,2,0,H,St. James' Park,Newcastle upon Tyne,52041,Stuart Attwell
2025-26,2025-12-06,17:30,15,Leeds United,Liverpool,3,3,0,0,D,Elland Road,Leeds,,Anthony Taylor
2025-26,2025-12-07,14:00,15,Brighton & Hove Albion,West Ham United,1,1,0,0,D,American Express Stadium,Brighton,31293,Simon Hooper
2025-26,2025-12-07,16:30,15,Fulham,Crystal Palace,1,2,1,1,A,Craven Cottage,London,27283,Samuel Barrott
2025-26,2025-12-08,20:00,15,Wolverhampton Wanderers,Manchester United,1,4,1,1,A,Molineux Stadium,Wolverhampton,30338,Michael Salisbury
2025-26,2025-12-13,15:00,16,Chelsea,Everton,2,0,2,0,H,Stamford Bridge,London,39552,Thomas Bramall
2025-26,2025-12-13,15:00,16,Liverpool,Brighton & Hove Albion,2,0,1,0,H,Anfield,Liverpool,60429,Craig Pawson
2025-26,2025-12-13,17:30,16,Burnley,Fulham,2,3,1,2,A,Turf Moor,Burnley,19739,Michael Oliver
2025-26,2025-12-13,20:00,16,Arsenal,Wolverhampton Wanderers,2,1,0,0,H,Emirates Stadium,London,60242,Robert Jones
2025-26,2025-12-14,14:00,16,Nottingham Forest,Tottenham Hotspur,3,0,1,0,H,The City Ground,Nottingham,30579,Samuel Barrott
2025-26,2025-12-14,14:00,16,Sunderland,Newcastle United,1,0,0,0,H,Stadium of Light,Sunderland,47158,Peter Bankes
2025-26,2025-12-14,14:00,16,Crystal Palace,Manchester City,0,3,0,1,A,Selhurst Park,London,25166,Darren England
2025-26,2025-12-14,14:00,16,West Ham United,Aston Villa,2,3,2,1,A,London Stadium,London,62447,Anthony Taylor
2025-26,2025-12-14,16:30,16,Brentford,Leeds United,1,1,0,0,D,Gtech Community Stadium,Brentford,17159,John Brooks
2025-26,2025-12-15,20:00,16,Manchester United,Bournemouth,4,4,2,1,D,Old Trafford,Manchester,73951,Simon Hooper
2025-26,2025-12-20,12:30,17,Newcastle United,Chelsea,2,2,2,0,D,St. James' Park,Newcastle upon Tyne,52226,Andy Madley
2025-26,2025-12-20,15:00,17,Bournemouth,Burnley,1,1,0,0,D,Vitality Stadium,Bournemouth,10762,Chris Kavanagh
2025-26,2025-12-20,15:00,17,Wolverhampton Wanderers,Brentford,0,2,0,0,A,Molineux Stadium,Wolverhampton,27662,Matt Donohue
2025-26,2025-12-20,15:00,17,Brighton & Hove Albion,Sunderland,0,0,0,0,D,American Express Stadium,Brighton,31426,Darren England
2025-26,2025-12-20,15:00,17,Manchester City,West Ham United,3,0,2,0,H,Etihad Stadium,Manchester,52454,Paul Tierney
2025-26,2025-12-20,17:30,17,Tottenham Hotspur,Liverpool,1,2,0,0,A,Tottenham Hotspur Stadium,London,61138,John Brooks
2025-26,2025-12-20,20:00,17,Leeds United,Crystal Palace,4,1,2,0,H,Elland Road,Leeds,,Thomas Bramall
2025-26,2025-12-20,20:00,17,Everton,Arsenal,0,1,0,1,A,Hill Dickinson Stadium,Liverpool,,Samuel Barrott
2025-26,2025-12-21,16:30,17,Aston Villa,Manchester United,2,1,1,1,H,Villa Park,Birmingham,43157,Michael Oliver
2025-26,2025-12-22,20:00,17,Fulham,Nottingham Forest,1,0,1,0,H,Craven Cottage,London,27136,Anthony Taylor
2025-26,2025-12-26,20:00,18,Manchester United,Newcastle United,1,0,1,0,H,Old Trafford,Manchester,73996,Anthony Taylor
2025-26,2025-12-27,12:30,18,Nottingham Forest,Manchester City,1,2,0,0,A,The City Ground,Nottingham,30778,Robert Jones
2025-26,2025-12-27,15:00,18,West Ham United,Fulham,0,1,0,0,A,London Stadium,London,62464,Chris Kavanagh
2025-26,2025-12-27,15:00,18,Brentford,Bournemouth,4,1,2,0,H,Gtech Community Stadium,Brentford,17152,Peter Bankes
2025-26,2025-12-27,15:00,18,Arsenal,Brighton & Hove Albion,2,1,1,0,H,Emirates Stadium,London,60209,John Brooks
2025-26,2025-12-27,15:00,18,Liverpool,Wolverhampton Wanderers,2,1,2,0,H,Anfield,Liverpool,60466,Simon Hooper
2025-26,2025-12-27,15:00,18,Burnley,Everton,0,0,0,0,D,Turf Moor,Burnley,21637,Craig Pawson
2025-26,2025-12-27,17:30,18,Chelsea,Aston Villa,1,2,1,0,A,Stamford Bridge,London,39765,Stuart Attwell
2025-26,2025-12-28,14:00,18,Sunderland,Leeds United,1,1,1,0,D,Stadium of Light,Sunderland,46675,Tony Harrington
2025-26,2025-12-28,16:30,18,Crystal Palace,Tottenham Hotspur,0,1,0,1,A,Selhurst Park,London,25186,Jarred Gillett
2025-26,2025-12-30,19:30,19,Burnley,Newcastle United,1,3,1,2,A,Turf Moor,Burnley,21020,Robert Jones
2025-26,2025-12-30,19:30,19,West Ham United,Brighton & Hove Albion,2,2,2,1,D,London Stadium,London,62438,Michael Salisbury
2025-26,2025-12-30,19:30,19,Nottingham Forest,Everton,0,2,0,1,A,The City Ground,Nottingham,30617,Michael Oliver
2025-26,2025-12-30,19:30,19,Chelsea,Bournemouth,2,2,2,2,D,Stamford Bridge,London,39622,Samuel Barrott
2025-26,2025-12-30,20:15,19,Manchester United,Wolverhampton Wanderers,1,1,1,1,D,Old Trafford,Manchester,73941,Thomas Bramall
2025-26,2025-12-30,20:15,19,Arsenal,Aston Villa,4,1,0,0,H,Emirates Stadium,London,60279,Darren England
2025-26,2026-01-01,17:30,19,Liverpool,Leeds United,0,0,0,0,D,Anfield,Liverpool,60343,Chris Kavanagh
2025-26,2026-01-01,17:30,19,Crystal Palace,Fulham,1,1,1,0,D,Selhurst Park,London,25111,Tony Harrington
2025-26,2026-01-01,20:00,19,Sunderland,Manchester City,0,0,0,0,D,Stadium of Light,Sunderland,46920,Jarred Gillett
2025-26,2026-01-01,20:00,19,Brentford,Tottenham Hotspur,0,0,0,0,D,Gtech Community Stadium,Brentford,17141,Andy Madley
2025-26,2026-01-03,12:30,20,Aston Villa,Nottingham Forest,3,1,1,0,H,Villa Park,Birmingham,43039,Simon Hooper
2025-26,2026-01-03,15:00,20,Wolverhampton Wanderers,West Ham United,3,0,3,0,H,Molineux Stadium,Wolverhampton,29874,Peter Bankes
2025-26,2026-01-03,15:00,20,Brighton & Hove Albion,Burnley,2,0,1,0,H,American Express Stadium,Brighton,31373,Tim Robinson
2025-26,2026-01-03,17:30,20,Bournemouth,Arsenal,2,3,1,1,A,Vitality Stadium,Bournemouth,11240,Chris Kavanagh
2025-26,2026-01-04,12:30,20,Leeds United,Manchester United,1,1,0,0,D,Elland Road,Leeds,,Jarred Gillett
2025-26,2026-01-04,15:00,20,Tottenham Hotspur,Sunderland,1,1,1,0,D,Tottenham Hotspur Stadium,London,60877,Stuart Attwell
2025-26,2026-01-04,15:00,20,Newcastle United,Crystal Palace,2,0,0,0,H,St. James' Park,Newcastle upon Tyne,51979,John Brooks
2025-26,2026-01-04,15:00,20,Everton,Brentford,2,4,0,1,A,Hill Dickinson Stadium,Liverpool,,Anthony Taylor
2025-26,2026-01-04,15:15,20,Fulham,Liverpool,2,2,1,0,D,Craven Cottage,London,27547,Craig Pawson
2025-26,2026-01-04,17:30,20,Manchester City,Chelsea,1,1,1,0,D,Etihad Stadium,Manchester,52503,Michael Oliver
2025-26,2026-01-06,20:00,21,West Ham United,Nottingham Forest,1,2,1,0,A,London Stadium,London,62429,Tony Harrington
2025-26,2026-01-07,19:30,21,Fulham,Chelsea,2,1,0,0,H,Craven Cottage,London,26990,Peter Bankes
2025-26,2026-01-07,19:30,21,Brentford,Sunderland,3,0,1,0,H,Gtech Community Stadium,Brentford,17016,Matt Donohue
2025-26,2026-01-07,19:30,21,Bournemouth,Tottenham Hotspur,3,2,2,1,H,Vitality Stadium,Bournemouth,11212,Darren England
2025-26,2026-01-07,19:30,21,Manchester City,Brighton & Hove Albion,1,1,1,0,D,Etihad Stadium,Manchester,51728,Thomas Bramall
2025-26,2026-01-07,19:30,21,Everton,Wolverhampton Wanderers,1,1,1,0,D,Hill Dickinson Stadium,Liverpool,,Thomas Kirk
2025-26,2026-01-07,19:30,21,Crystal Palace,Aston Villa,0,0,0,0,D,Selhurst Park,London,24841,Andy Madley
2025-26,2026-01-07,20:15,21,Burnley,Manchester United,2,2,1,0,D,Turf Moor,Burnley,21047,Stuart Attwell
2025-26,2026-01-07,20:15,21,Newcastle United,Leeds United,4,3,1,2,H,St. James' Park,Newcastle upon Tyne,52176,Michael Salisbury
2025-26,2026-01-08,20:00,21,Arsenal,Liverpool,0,0,0,0,D,Emirates Stadium,London,60258,Anthony Taylor
2025-26,2026-01-17,12:30,22,Manchester United,Manchester City,2,0,0,0,H,Old Trafford,Manchester,74004,Anthony Taylor
2025-26,2026-01-17,15:00,22,Tottenham Hotspur,West Ham United,1,2,0,1,A,Tottenham Hotspur Stadium,London,60857,Jarred Gillett
2025-26,2026-01-17,15:00,22,Leeds United,Fulham,1,0,0,0,H,Elland Road,Leeds,,Chris Kavanagh
2025-26,2026-01-17,15:00,22,Chelsea,Brentford,2,0,1,0,H,Stamford Bridge,London,39704,John Brooks
2025-26,2026-01-17,15:00,22,Sunderland,Crystal Palace,2,1,1,1,H,Stadium of Light,Sunderland,47257,Robert Jones
2025-26,2026-01-17,15:00,22,Liverpool,Burnley,1,1,1,0,D,Anfield,Liverpool,60431,Andy Madley
2025-26,2026-01-17,17:30,22,Nottingham Forest,Arsenal,0,0,0,0,D,The City Ground,Nottingham,30729,Michael Oliver
2025-26,2026-01-18,14:00,22,Wolverhampton Wanderers,Newcastle United,0,0,0,0,D,Molineux Stadium,Wolverhampton,29751,Samuel Barrott
2025-26,2026-01-18,16:30,22,Aston Villa,Everton,0,1,0,0,A,Villa Park,Birmingham,42770,Tony Harrington
2025-26,2026-01-19,20:00,22,Brighton & Hove Albion,Bournemouth,1,1,0,1,D,American Express Stadium,Brighton,30172,Paul Tierney
2025-26,2026-01-24,12:30,23,West Ham United,Sunderland,3,1,3,0,H,London Stadium,London,62456,Thomas Bramall
2025-26,2026-01-24,15:00,23,Manchester City,Wolverhampton Wanderers,2,0,2,0,H,Etihad Stadium,Manchester,52469,Farai Hallam
2025-26,2026-01-24,15:00,23,Fulham,Brighton & Hove Albion,2,1,0,1,H,Craven Cottage,London,27239,Michael Oliver
2025-26,2026-01-24,15:00,23,Burnley,Tottenham Hotspur,2,2,1,1,D,Turf Moor,Burnley,21618,Peter Bankes
2025-26,2026-01-24,17:30,23,Bournemouth,Liverpool,3,2,2,1,H,Vitality Stadium,Bournemouth,11260,Michael Salisbury
2025-26,2026-01-25,14:00,23,Brentford,Nottingham Forest,0,2,0,1,A,Gtech Community Stadium,Brentford,17134,Samuel Barrott
2025-26,2026-01-25,14:00,23,Newcastle United,Aston Villa,0,2,0,1,A,St. James' Park,Newcastle upon Tyne,52134,Jarred Gillett
2025-26,2026-01-25,14:00,23,Crystal Palace,Chelsea,1,3,0,1,A,Selhurst Park,London,25163,Darren England
2025-26,2026-01-25,16:30,23,Arsenal,Manchester United,2,3,1,1,A,Emirates Stadium,London,60296,Craig Pawson
2025-26,2026-01-26,20:00,23,Everton,Leeds United,1,1,0,1,D,Hill Dickinson Stadium,Liverpool,,Simon Hooper
2025-26,2026-01-31,15:00,24,Leeds United,Arsenal,0,4,0,2,A,Elland Road,Leeds,,Stuart Attwell
2025-26,2026-01-31,15:00,24,Brighton & Hove Albion,Everton,1,1,0,0,D,American Express Stadium,Brighton,31419,Chris Kavanagh
2025-26,2026-01-31,15:00,24,Wolverhampton Wanderers,Bournemouth,0,2,0,1,A,Molineux Stadium,Wolverhampton,30161,Michael Oliver
2025-26,2026-01-31,17:30,24,Chelsea,West Ham United,3,2,0,2,H,Stamford Bridge,London,39430,Anthony Taylor
2025-26,2026-01-31,20:00,24,Liverpool,Newcastle United,4,1,2,1,H,Anfield,Liverpool,60416,Simon Hooper
2025-26,2026-02-01,14:00,24,Nottingham Forest,Crystal Palace,1,1,1,1,D,The City Ground,Nottingham,30334,Tony Harrington
2025-26,2026-02-01,14:00,24,Manchester United,Fulham,3,2,1,0,H,Old Trafford,Manchester,73932,John Brooks
2025-26,2026-02-01,14:00,24,Aston Villa,Brentford,0,1,0,1,A,Villa Park,Birmingham,41415,Tim Robinson
2025-26,2026-02-01,16:30,24,Tottenham Hotspur,Manchester City,2,2,0,2,D,Tottenham Hotspur Stadium,London,61337,Robert Jones
2025-26,2026-02-02,20:00,24,Sunderland,Burnley,3,0,2,0,H,Stadium of Light,Sunderland,46370,Paul Tierney
2025-26,2026-02-06,20:00,25,Leeds United,Nottingham Forest,3,1,2,0,H,Elland Road,Leeds,,Peter Bankes
2025-26,2026-02-07,12:30,25,Manchester United,Tottenham Hotspur,2,0,1,0,H,Old Trafford,Manchester,73985,Michael Oliver
2025-26,2026-02-07,15:00,25,Burnley,West Ham United,0,2,0,2,A,Turf Moor,Burnley,21273,Darren England
2025-26,2026-02-07,15:00,25,Fulham,Everton,1,2,1,0,A,Craven Cottage,London,27155,Stuart Attwell
2025-26,2026-02-07,15:00,25,Wolverhampton Wanderers,Chelsea,1,3,0,3,A,Molineux Stadium,Wolverhampton,29762,Jarred Gillett
2025-26,2026-02-07,15:00,25,Bournemouth,Aston Villa,1,1,0,1,D,Vitality Stadium,Bournemouth,11248,Anthony Taylor
2025-26,2026-02-07,15:00,25,Arsenal,Sunderland,3,0,1,0,H,Emirates Stadium,London,60312,Samuel Barrott
2025-26,2026-02-07,17:30,25,Newcastle United,Brentford,2,3,1,2,A,St. James' Park,Newcastle upon Tyne,52032,Andy Madley
2025-26,2026-02-08,14:00,25,Brighton & Hove Albion,Crystal Palace,0,1,0,0,A,American Express Stadium,Brighton,31179,Thomas Bramall
2025-26,2026-02-08,16:30,25,Liverpool,Manchester City,1,2,0,0,A,Anfield,Liverpool,60336,Craig Pawson
2025-26,2026-02-10,19:30,26,Chelsea,Leeds United,2,2,1,0,D,Stamford Bridge,London,39253,Robert Jones
2025-26,2026-02-10,19:30,26,Tottenham Hotspur,Newcastle United,1,2,0,1,A,Tottenham Hotspur Stadium,London,59773,Anthony Taylor
2025-26,2026-02-10,19:30,26,Everton,Bournemouth,1,2,1,0,A,Hill Dickinson Stadium,Liverpool,,Andy Madley
2025-26,2026-02-10,20:15,26,West Ham United,Manchester United,1,1,0,0,D,London Stadium,London,62473,Simon Hooper
2025-26,2026-02-11,19:30,26,Aston Villa,Brighton & Hove Albion,1,0,0,0,H,Villa Park,Birmingham,39495,Peter Bankes
2025-26,2026-02-11,19:30,26,Manchester City,Fulham,3,0,3,0,H,Etihad Stadium,Manchester,50717,Paul Tierney
2025-26,2026-02-11,19:30,26,Nottingham Forest,Wolverhampton Wanderers,0,0,0,0,D,The City Ground,Nottingham,29921,Tim Robinson
2025-26,2026-02-11,19:40,26,Crystal Palace,Burnley,2,3,2,3,A,Selhurst Park,London,23267,Farai Hallam
2025-26,2026-02-11,20:15,26,Sunderland,Liverpool,0,1,0,0,A,Stadium of Light,Sunderland,47159,Chris Kavanagh
2025-26,2026-02-12,20:00,26,Brentford,Arsenal,1,1,0,0,D,Gtech Community Stadium,Brentford,17224,John Brooks
2025-26,2026-02-18,20:00,31,Wolverhampton Wanderers,Arsenal,2,2,0,1,D,Molineux Stadium,Wolverhampton,29843,Paul Tierney
2025-26,2026-02-21,15:00,27,Aston Villa,Leeds United,1,1,0,1,D,Villa Park,Birmingham,43048,Michael Oliver
2025-26,2026-02-21,15:00,27,Chelsea,Burnley,1,1,1,0,D,Stamford Bridge,London,39603,Lewis Smith
2025-26,2026-02-21,15:00,27,Brentford,Brighton & Hove Albion,0,2,0,2,A,Gtech Community Stadium,Brentford,17163,Jarred Gillett
2025-26,2026-02-21,17:30,27,West Ham United,Bournemouth,0,0,0,0,D,London Stadium,London,62437,Samuel Barrott
2025-26,2026-02-21,20:00,27,Manchester City,Newcastle United,2,1,2,1,H,Etihad Stadium,Manchester,52187,Thomas Bramall
2025-26,2026-02-22,14:00,27,Nottingham Forest,Liverpool,0,1,0,0,A,The City Ground,Nottingham,30737,Anthony Taylor
2025-26,2026-02-22,14:00,27,Sunderland,Fulham,1,3,0,0,A,Stadium of Light,Sunderland,47222,Craig Pawson
2025-26,2026-02-22,14:00,27,Crystal Palace,Wolverhampton Wanderers,1,0,0,0,H,Selhurst Park,London,24547,Thomas Kirk
2025-26,2026-02-22,16:30,27,Tottenham Hotspur,Arsenal,1,4,1,1,A,Tottenham Hotspur Stadium,London,61439,Peter Bankes
2025-26,2026-02-23,20:00,27,Everton,Manchester United,0,1,0,0,A,Hill Dickinson Stadium,Liverpool,,Darren England
2025-26,2026-02-27,20:00,28,Wolverhampton Wanderers,Aston Villa,2,0,0,0,H,Molineux Stadium,Wolverhampton,30197,Craig Pawson
2025-26,2026-02-28,12:30,28,Bournemouth,Sunderland,1,1,0,1,D,Vitality Stadium,Bournemouth,11240,Jarred Gillett
2025-26,2026-02-28,15:00,28,Burnley,Brentford,3,4,1,3,A,Turf Moor,Burnley,20069,Samuel Barrott
2025-26,2026-02-28,15:00,28,Liverpool,West Ham United,5,2,3,0,H,Anfield,Liverpool,60425,Tim Robinson
2025-26,2026-02-28,15:00,28,Newcastle United,Everton,2,3,1,2,A,St. James' Park,Newcastle upon Tyne,52514,Stuart Attwell
2025-26,2026-02-28,17:30,28,Leeds United,Manchester City,0,1,0,1,A,Elland Road,Leeds,,Peter Bankes
2025-26,2026-03-01,14:00,28,Manchester United,Crystal Palace,2,1,0,1,H,Old Trafford,Manchester,73934,Chris Kavanagh
2025-26,2026-03-01,14:00,28,Brighton & Hove Albion,Nottingham Forest,2,1,2,1,H,American Express Stadium,Brighton,31427,Andy Madley
2025-26,2026-03-01,14:00,28,Fulham,Tottenham Hotspur,2,1,2,0,H,Craven Cottage,London,27439,Thomas Bramall
2025-26,2026-03-01,16:30,28,Arsenal,Chelsea,2,1,1,1,H,Emirates Stadium,London,60296,Darren England
2025-26,2026-03-03,19:30,29,Everton,Burnley,2,0,1,0,H,Hill Dickinson Stadium,Liverpool,,Tim Robinson
2025-26,2026-03-03,19:30,29,Bournemouth,Brentford,0,0,0,0,D,Vitality Stadium,Bournemouth,11108,Craig Pawson
2025-26,2026-03-03,19:30,29,Leeds United,Sunderland,0,1,0,0,A,Elland Road,Leeds,,Stuart Attwell
2025-26,2026-03-03,20:15,29,Wolverhampton Wanderers,Liverpool,2,1,0,0,H,Molineux Stadium,Wolverhampton,30247,Thomas Bramall
2025-26,2026-03-04,19:30,29,Manchester City,Nottingham Forest,2,2,1,0,D,Etihad Stadium,Manchester,51965,Darren England
2025-26,2026-03-04,19:30,29,Fulham,West Ham United,0,1,0,0,A,Craven Cottage,London,27191,Matt Donohue
2025-26,2026-03-04,19:30,29,Brighton & Hove Albion,Arsenal,0,1,0,1,A,American Express Stadium,Brighton,31575,Chris Kavanagh
2025-26,2026-03-04,19:30,29,Aston Villa,Chelsea,1,4,1,2,A,Villa Park,Birmingham,42084,Jarred Gillett
2025-26,2026-03-04,20:15,29,Newcastle United,Manchester United,2,1,1,1,H,St. James' Park,Newcastle upon Tyne,52184,Peter Bankes
2025-26,2026-03-05,20:00,29,Tottenham Hotspur,Crystal Palace,1,3,1,3,A,Tottenham Hotspur Stadium,London,60213,Andy Madley
2025-26,2026-03-14,15:00,30,Sunderland,Brighton & Hove Albion,0,1,0,0,A,Stadium of Light,Sunderland,47197,Thomas Kirk
2025-26,2026-03-14,15:00,30,Burnley,Bournemouth,0,0,0,0,D,Turf Moor,Burnley,20281,Peter Bankes
2025-26,2026-03-14,17:30,30,Chelsea,Newcastle United,0,1,0,1,A,Stamford Bridge,London,39587,Paul Tierney
2025-26,2026-03-14,17:30,30,Arsenal,Everton,2,0,0,0,H,Emirates Stadium,London,60176,Andy Madley
2025-26,2026-03-14,20:00,30,West Ham United,Manchester City,1,1,1,1,D,London Stadium,London,62459,Michael Oliver
2025-26,2026-03-15,14:00,30,Manchester United,Aston Villa,3,1,0,0,H,Old Trafford,Manchester,73997,Anthony Taylor
2025-26,2026-03-15,14:00,30,Crystal Palace,Leeds United,0,0,0,0,D,Selhurst Park,London,25155,Thomas Bramall
2025-26,2026-03-15,14:00,30,Nottingham Forest,Fulham,0,0,0,0,D,The City Ground,Nottingham,30013,Samuel Barrott
2025-26,2026-03-15,16:30,30,Liverpool,Tottenham Hotspur,1,1,1,0,D,Anfield,Liverpool,60386,Chris Kavanagh
2025-26,2026-03-16,20:00,30,Brentford,Wolverhampton Wanderers,2,2,2,1,D,Gtech Community Stadium,Brentford,17155,Stuart Attwell
2025-26,2026-03-20,20:00,31,Bournemouth,Manchester United,2,2,0,0,D,Vitality Stadium,Bournemouth,11250,Stuart Attwell
2025-26,2026-03-21,12:45,31,Brighton & Hove Albion,Liverpool,2,1,1,1,H,American Express Stadium,Brighton,31680,Darren England
2025-26,2026-03-21,15:00,31,Fulham,Burnley,3,1,0,0,H,Craven Cottage,London,27323,Chris Kavanagh
2025-26,2026-03-21,17:30,31,Everton,Chelsea,3,0,1,0,H,Hill Dickinson Stadium,Liverpool,,Samuel Barrott
2025-26,2026-03-21,20:00,31,Leeds United,Brentford,0,0,0,0,D,Elland Road,Leeds,,Jarred Gillett
2025-26,2026-03-22,12:00,31,Newcastle United,Sunderland,1,2,1,0,A,St. James' Park,Newcastle upon Tyne,52253,Anthony Taylor
2025-26,2026-03-22,14:15,31,Tottenham Hotspur,Nottingham Forest,0,3,0,1,A,Tottenham Hotspur Stadium,London,61519,Michael Oliver
2025-26,2026-03-22,14:15,31,Aston Villa,West Ham United,2,0,1,0,H,Villa Park,Birmingham,42130,Paul Tierney
2025-26,2026-04-10,20:00,32,West Ham United,Wolverhampton Wanderers,4,0,1,0,H,London Stadium,London,62457,Jarred Gillett
2025-26,2026-04-11,12:30,32,Arsenal,Bournemouth,1,2,1,1,A,Emirates Stadium,London,60210,Michael Oliver
2025-26,2026-04-11,15:00,32,Burnley,Brighton & Hove Albion,0,2,0,1,A,Turf Moor,Burnley,20408,Thomas Bramall
2025-26,2026-04-11,15:00,32,Brentford,Everton,2,2,1,1,D,Gtech Community Stadium,Brentford,17220,Farai Hallam
2025-26,2026-04-11,16:30,32,Liverpool,Fulham,2,0,2,0,H,Anfield,Liverpool,60401,Anthony Taylor
2025-26,2026-04-12,14:00,32,Crystal Palace,Newcastle United,2,1,0,1,H,Selhurst Park,London,25141,Andy Madley
2025-26,2026-04-12,14:00,32,Nottingham Forest,Aston Villa,1,1,1,1,D,The City Ground,Nottingham,30591,Michael Salisbury
2025-26,2026-04-12,13:00,32,Sunderland,Tottenham Hotspur,1,0,0,0,H,Stadium of Light,Sunderland,47010,Robert Jones
2025-26,2026-04-12,16:30,32,Chelsea,Manchester City,0,3,0,0,A,Stamford Bridge,London,39552,Chris Kavanagh
2025-26,2026-04-13,20:00,32,Manchester United,Leeds United,1,2,0,2,A,Old Trafford,Manchester,74018,Paul Tierney
2025-26,2026-04-18,12:30,33,Brentford,Fulham,0,0,0,0,D,Gtech Community Stadium,Brentford,17171,Paul Tierney
2025-26,2026-04-18,15:00,33,Leeds United,Wolverhampton Wanderers,3,0,2,0,H,Elland Road,Leeds,,Farai Hallam
2025-26,2026-04-18,15:00,33,Newcastle United,Bournemouth,1,2,0,1,A,St. James' Park,Newcastle upon Tyne,52109,Thomas Bramall
2025-26,2026-04-18,17:30,33,Tottenham Hotspur,Brighton & Hove Albion,2,2,1,1,D,Tottenham Hotspur Stadium,London,61167,Stuart Attwell
2025-26,2026-04-18,20:00,33,Chelsea,Manchester United,0,1,0,1,A,Stamford Bridge,London,39733,Michael Oliver
2025-26,2026-04-19,14:00,33,Aston Villa,Sunderland,4,3,2,1,H,Villa Park,Birmingham,42599,Samuel Barrott
2025-26,2026-04-19,13:00,33,Everton,Liverpool,1,2,0,1,A,Hill Dickinson Stadium,Liverpool,,Chris Kavanagh
2025-26,2026-04-19,14:00,33,Nottingham Forest,Burnley,4,1,0,1,H,The City Ground,Nottingham,29458,Thomas Kirk
2025-26,2026-04-19,16:30,33,Manchester City,Arsenal,2,1,1,1,H,Etihad Stadium,Manchester,52523,Anthony Taylor
2025-26,2026-04-20,20:00,33,Crystal Palace,West Ham United,0,0,0,0,D,Selhurst Park,London,24974,Darren England
2025-26,2026-04-21,20:00,34,Brighton & Hove Albion,Chelsea,3,0,1,0,H,American Express Stadium,Brighton,31220,Craig Pawson
2025-26,2026-04-22,20:00,34,Bournemouth,Leeds United,2,2,0,0,D,Vitality Stadium,Bournemouth,11226,Michael Salisbury
2025-26,2026-04-22,20:00,34,Burnley,Manchester City,0,1,0,1,A,Turf Moor,Burnley,21259,Andy Madley
2025-26,2026-04-24,19:00,34,Sunderland,Nottingham Forest,0,5,0,4,A,Stadium of Light,Sunderland,47047,Darren England
2025-26,2026-04-25,12:30,34,Fulham,Aston Villa,1,0,1,0,H,Craven Cottage,London,27606,Michael Oliver
2025-26,2026-04-25,14:00,34,Liverpool,Crystal Palace,3,1,2,0,H,Anfield,Liverpool,60314,Andy Madley
2025-26,2026-04-25,15:00,34,Wolverhampton Wanderers,Tottenham Hotspur,0,1,0,0,A,Molineux Stadium,Wolverhampton,31253,Anthony Taylor
2025-26,2026-04-25,15:00,34,West Ham United,Everton,2,1,0,0,H,London Stadium,London,62454,Stuart Attwell
2025-26,2026-04-25,17:30,34,Arsenal,Newcastle United,1,0,1,0,H,Emirates Stadium,London,60204,Samuel Barrott
2025-26,2026-04-27,20:00,34,Manchester United,Brentford,2,1,2,0,H,Old Trafford,Manchester,73773,Chris Kavanagh
2025-26,2026-05-01,20:00,35,Leeds United,Burnley,3,1,1,0,H,Elland Road,Leeds,,Thomas Bramall
2025-26,2026-05-02,15:00,35,Newcastle United,Brighton & Hove Albion,3,1,2,0,H,St. James' Park,Newcastle upon Tyne,52099,Chris Kavanagh
2025-26,2026-05-02,15:00,35,Brentford,West Ham United,3,0,1,0,H,Gtech Community Stadium,Brentford,17194,Craig Pawson
2025-26,2026-05-02,15:00,35,Wolverhampton Wanderers,Sunderland,1,1,0,1,D,Molineux Stadium,Wolverhampton,29632,Paul Tierney
2025-26,2026-05-02,17:30,35,Arsenal,Fulham,3,0,3,0,H,Emirates Stadium,London,60196,Jarred Gillett
2025-26,2026-05-03,14:00,35,Bournemouth,Crystal Palace,3,0,2,0,H,Vitality Stadium,Bournemouth,11122,Robert Jones
2025-26,2026-05-03,15:30,35,Manchester United,Liverpool,3,2,2,0,H,Old Trafford,Manchester,74027,Darren England
2025-26,2026-05-03,19:00,35,Aston Villa,Tottenham Hotspur,1,2,0,2,A,Villa Park,Birmingham,42767,Samuel Barrott
2025-26,2026-05-04,15:00,35,Chelsea,Nottingham Forest,1,3,0,2,A,Stamford Bridge,London,39605,Anthony Taylor
2025-26,2026-05-04,19:00,35,Everton,Manchester City,3,3,0,1,D,Hill Dickinson Stadium,Liverpool,,Michael Oliver
2025-26,2026-05-09,11:30,36,Liverpool,Chelsea,1,1,1,1,D,Anfield,Liverpool,60429,Craig Pawson
2025-26,2026-05-09,14:00,36,Sunderland,Manchester United,0,0,0,0,D,Stadium of Light,Sunderland,47233,Stuart Attwell
2025-26,2026-05-09,15:00,36,Brighton & Hove Albion,Wolverhampton Wanderers,3,0,2,0,H,American Express Stadium,Brighton,31587,John Brooks
2025-26,2026-05-09,15:00,36,Fulham,Bournemouth,0,1,0,0,A,Craven Cottage,London,27626,Andy Madley
2025-26,2026-05-09,17:30,36,Manchester City,Brentford,3,0,0,0,H,Etihad Stadium,Manchester,52489,Michael Salisbury
2025-26,2026-05-10,14:00,36,Nottingham Forest,Newcastle United,1,1,0,0,D,The City Ground,Nottingham,30691,Paul Tierney
2025-26,2026-05-10,14:00,36,Burnley,Aston Villa,2,2,1,1,D,Turf Moor,Burnley,21196,Anthony Taylor
2025-26,2026-05-10,14:00,36,Crystal Palace,Everton,2,2,1,1,D,Selhurst Park,London,24958,Thomas Bramall
2025-26,2026-05-10,16:30,36,West Ham United,Arsenal,0,1,0,0,A,London Stadium,London,60429,Chris Kavanagh
2025-26,2026-05-11,20:00,36,Tottenham Hotspur,Leeds United,1,1,0,0,D,Tottenham Hotspur Stadium,London,61048,Jarred Gillett
2025-26,2026-05-13,20:00,31,Manchester City,Crystal Palace,3,0,2,0,H,Etihad Stadium,Manchester,51738,Stuart Attwell
2025-26,2026-05-15,20:00,37,Aston Villa,Liverpool,4,2,1,0,H,Villa Park,Birmingham,43033,Chris Kavanagh
2025-26,2026-05-17,12:30,37,Manchester United,Nottingham Forest,3,2,1,0,H,Old Trafford,Manchester,74015,Michael Salisbury
2025-26,2026-05-17,15:00,37,Brentford,Crystal Palace,2,2,1,1,D,Gtech Community Stadium,Brentford,17213,Samuel Barrott
2025-26,2026-05-17,15:00,37,Wolverhampton Wanderers,Fulham,1,1,1,1,D,Molineux Stadium,Wolverhampton,28709,Thomas Kirk
2025-26,2026-05-17,14:00,37,Everton,Sunderland,1,3,1,0,A,Hill Dickinson Stadium,Liverpool,,John Brooks
2025-26,2026-05-17,15:00,37,Leeds United,Brighton & Hove Albion,1,0,0,0,H,Elland Road,Leeds,,Michael Oliver
2025-26,2026-05-17,17:30,37,Newcastle United,West Ham United,3,1,2,0,H,St. James' Park,Newcastle upon Tyne,52206,Jarred Gillett
2025-26,2026-05-18,20:00,37,Arsenal,Burnley,1,0,1,0,H,Emirates Stadium,London,60274,Paul Tierney
2025-26,2026-05-19,19:30,37,Bournemouth,Manchester City,1,1,1,0,D,Vitality Stadium,Bournemouth,11218,Anthony Taylor
2025-26,2026-05-19,20:15,37,Chelsea,Tottenham Hotspur,2,1,1,0,H,Stamford Bridge,London,39463,Stuart Attwell
2025-26,2026-05-24,15:00,38,Sunderland,Chelsea,2,1,1,0,H,Stadium of Light,Sunderland,47155,Chris Kavanagh
2025-26,2026-05-24,16:00,38,Nottingham Forest,Bournemouth,1,1,1,0,D,The City Ground,Nottingham,30741,Craig Pawson
2025-26,2026-05-24,16:00,38,Brighton & Hove Albion,Manchester United,0,3,0,2,A,American Express Stadium,Brighton,31729,Samuel Barrott
2025-26,2026-05-24,15:00,38,Liverpool,Brentford,1,1,0,0,D,Anfield,Liverpool,60325,Darren England
2025-26,2026-05-24,16:00,38,Crystal Palace,Arsenal,1,2,0,1,A,Selhurst Park,London,25192,Farai Hallam
2025-26,2026-05-24,16:00,38,Manchester City,Aston Villa,1,2,1,0,A,Etihad Stadium,Manchester,60332,Andy Madley
2025-26,2026-05-24,16:00,38,Fulham,Newcastle United,2,0,1,0,H,Craven Cottage,London,27442,Robert Jones
2025-26,2026-05-24,16:00,38,West Ham United,Leeds United,3,0,0,0,H,London Stadium,London,62471,Anthony Taylor
2025-26,2026-05-24,16:00,38,Tottenham Hotspur,Everton,1,0,1,0,H,Tottenham Hotspur Stadium,London,61876,Michael Oliver
2025-26,2026-05-24,16:00,38,Burnley,Wolverhampton Wanderers,1,1,0,1,D,Turf Moor,Burnley,21057,Andrew Kitchen
